kd_obat,product_type,avg_margin_pct,revenue
R-2001,Branded,31.777323512698104,5320815.04
R-2446,Branded,32.511001100110015,139595.46
R-0601,Branded,34.14475144317719,804212.1474999998
R-0539,Branded,25.60385338345865,6621301.6
AI-1525,Generic,29.630909090909093,7144550.0
R-1071,Branded,36.9487199936199,5117118.0
R-3197,Branded,36.399820555658685,790101.375
AI-0032,Generic,32.32029082029082,74847.45
AI-1090,Generic,30.888888888888886,36059.195
R-1232,Branded,37.5,549670.0
AI-1319,Generic,19.793528097895244,3906919.8
R-1776,Branded,27.531381946821867,629999.625
AI-0544,Generic,37.5,27498460.0
R-4650,Branded,32.000541540683244,117000.0
AI-0248,Generic,31.2375350140056,256204.5
R-2659,Branded,32.23041979949875,3298991.0
R-3420,Branded,36.84389489870132,1567646.35
AI-0411,Generic,30.150260626959682,2012646.725
AI-1581,Generic,10.648351068043198,2182905.0
R-1268,Branded,36.273461431356175,470928.0
R-1581,Branded,36.120214395099545,336880.2
AI-1399,Generic,35.557851239669425,421126.0
AI-0936,Generic,31.671894604767875,46804.95
AI-0207,Generic,21.57814562867993,17744107.92
R-4668,Branded,34.75,601265.25
AI-1294,Generic,34.650479692839475,1081343.3250000002
AI-1203,Generic,29.318381820964465,7060754.85
R-2426,Branded,32.0,54120.0
R-0756,Branded,35.30890804597701,7402.5
R-0700,Branded,33.9338321981741,12100826.16
R-4606,Branded,37.5,39886.0
AI-1079,Generic,36.246415322686744,2949838.0
AI-0763,Generic,34.3798655022665,26353121.89500001
R-5265,Branded,10.003437607425232,16000.0
AI-1537,Generic,32.23460127412589,4025727.725
R-1948,Branded,37.504000000000005,996904.0
R-4652,Branded,27.28564208845438,294459.16000000003
R-0357,Branded,32.916666666666664,4483820.0
AI-0665,Generic,20.993741703015363,95700.0
R-4911,Branded,24.66666666666666,224664.0
AI-0826,Generic,33.85685551458261,2854007.275
R-0026,Branded,20.491071428571423,119332.8
R-2428,Branded,36.653914304152444,3183391.5
R-1099,Branded,37.50030727630285,1320690.0
R-5109,Branded,10.0,116556.0
R-0124,Branded,37.175159884312954,5765706.0
AI-1325,Generic,34.72463835226404,336258282.12
AI-0607,Generic,32.73659043659042,142958.825
R-1627,Branded,33.147907996592814,896704.01
AI-0100,Generic,37.5,1597488.75
R-5315,Branded,34.746696035242294,20325.0
R-2253,Branded,35.42580074038308,206349.5
AI-0426,Generic,33.52617957390114,7617633.0
R-3001,Branded,37.497727272727275,151249.25
R-3000,Branded,35.72230550542694,7688327.0
AI-0933,Generic,31.536808170128253,4680523.0
R-2242,Branded,37.504503422601175,160300.0
AI-0147,Generic,25.80975387993059,3058782.5300000003
R-1301,Branded,33.833333333333336,61028.0
R-4914,Branded,37.5,103125.0
AI-0689,Generic,35.28556908936159,1109286.56
R-5289,Branded,10.0,391050.0
R-5267,Branded,21.0,58080.0
R-4331,Branded,37.5,99000.0
AI-1168,Generic,32.03981746390809,9312192.415000001
R-3090,Branded,37.50220005866824,95624.5
R-5296,Branded,37.5,4000150.0
AI-1381,Generic,34.526279465893985,2507377.0700000003
R-3886,Branded,36.56791403286978,562786.975
R-2087,Branded,34.72696945065366,459318.6
R-0507,Branded,29.256329113924053,35413.75
R-1561,Branded,32.30100545820487,22999428.0
R-0055,Branded,37.5,22000.0
AI-1350,Generic,33.830696202531655,477912.625
R-0065,Branded,34.39599849308482,2120437.18456
R-2398,Branded,37.515151515151516,72608.0
R-0785,Branded,37.49513807856865,70700.0
AI-1318,Generic,34.14753573784128,2507610.2399999998
R-1707,Branded,33.83333333333332,10457.600515999999
R-0003,Branded,21.279112900019875,1549719.3
R-2153,Branded,37.49849882307729,3396603.5
R-5165,Branded,27.187782805429865,2279068.0
AI-0679,Generic,33.802080962009725,5341390.57
AI-0403,Generic,34.92271160125123,4642494.85
R-2714,Branded,31.99793743554486,76077.0
R-0342,Branded,33.58929563379906,5621308.05
R-1292,Branded,33.35343129238442,1513899.35
R-1482,Branded,35.666666666666664,1419.7378139999998
R-2008,Branded,36.163859794291625,1783674.875
AI-0690,Generic,37.5120230843219,1801380.0
AI-0631,Generic,55.22443362269743,703800.0
R-4934,Branded,16.657894736842106,4174500.0
R-5274,Branded,37.5,1991310.75
AI-0087,Generic,27.467411545623833,1517695.0
R-2734,Branded,37.5,226875.0
R-4111,Branded,36.979894469070125,27480192.4
R-2926,Branded,37.49295774647887,14643.0
R-3390,Branded,34.2,5416334.0
R-0075,Branded,35.91339337836711,69616.00026249999
R-2622,Branded,37.5,10175.0
R-4687,Branded,37.49575503735567,48585.875
R-4936,Branded,28.81619605039764,2851605.0
AI-0039,Generic,35.927222975367954,4867588.0
AI-0686,Generic,37.50088709105103,387505.0
R-0111,Branded,24.7,162885.5625
R-3384,Branded,24.929715593331156,232052.0
R-0023,Branded,30.102370116068588,865883.9450000001
R-1504,Branded,30.151555611904044,8861850.0
AI-0212,Generic,31.073251014584926,7646633.069000006
R-0229,Branded,37.500219710684966,156456.0
R-4765,Branded,34.7575559904327,68046.0
R-0370,Branded,37.5,22500.5
R-4759,Branded,32.36093103841009,226371.62500000003
AI-1406,Generic,29.0,17585650.0
R-1288,Branded,32.000000000000014,128779.20000000001
R-2414,Branded,32.647440794499616,1114754.55
AI-1267,Generic,29.579786028949034,3798631.5
R-1224,Branded,33.65280507845673,1306262.21
AI-1296,Generic,34.318926335648754,2143684.8899999997
R-2343,Branded,26.50297361508556,288453.81
R-4332,Branded,37.766314174048226,224064.875
R-0733,Branded,36.69201030927835,32436140.0
R-1067,Branded,36.125,132825.0
R-2021,Branded,37.50000000000001,18749.99995
AI-0541,Generic,35.70044978559442,7646066.5
R-2452,Branded,36.98830409356725,12023.0
AI-0536,Generic,32.5779218280559,9302557.75
R-3405,Branded,35.666666666666664,48840.0
R-4996,Branded,23.75,136125.0
AI-0417,Generic,31.081350596162892,5886958.390000002
R-2211,Branded,35.4374954459516,5650604.0
R-1872,Branded,34.382055498334566,292827.81499999994
R-2057,Branded,9.02502157031924,193982.46
R-3338,Branded,34.86191816800201,3016185.125
R-4678,Branded,32.001727488663356,30565.0
AI-0746,Generic,29.019189225784018,838524.095
R-2207,Branded,20.980533525594808,5034.0
R-0192,Branded,31.00034247393164,928868.4
R-3267,Branded,37.3974021834409,1250660.0
R-5008,Branded,37.49957031384276,760000.0
R-0154,Branded,37.120036333978675,44329396.75
R-4552,Branded,35.92209888604621,838358.8999999999
R-0264,Branded,32.00005236698785,189050.475
AI-0107,Generic,36.88022753367295,2300044.0
AI-1463,Generic,34.93173652694611,456305.4
AI-1115,Generic,35.362504756861476,2531039.25
AI-0740,Generic,36.78197033255464,2255289.05
R-4532,Branded,37.49220779220779,635214.0
AI-1239,Generic,30.8245582401731,224201.91
R-0286,Branded,21.02118413905486,22280.0
R-1175,Branded,34.72222222222222,10960.0
AI-1058,Generic,32.555778721747046,1167114.3599999999
R-0753,Branded,28.378036530604515,106721922.4
AI-0486,Generic,36.45036429872497,228610.5
R-1531,Branded,35.650442477876105,11869638.0
R-5275,Branded,37.5,4350753.0
R-0139,Branded,25.305080756230293,410741.9
AI-0296,Generic,34.00026959991373,1061777.4
R-5014,Branded,18.25,149930.0
R-3315,Branded,35.07493857493858,8212708.5
R-0073,Branded,33.094602638725206,11105351.214999981
R-5316,Branded,34.355555555555554,131698.0
AI-0247,Generic,31.998375904326,90145.0
R-1368,Branded,33.83315011931254,598989.0
R-3435,Branded,36.10281202256347,2191122.0158928
R-1416,Branded,33.26614854443801,14557775.6
R-0829,Branded,37.5,5611321.375
R-3763,Branded,34.49575757575758,110959.0
R-1640,Branded,33.500481063173304,3380088.0
AI-0425,Generic,29.55857575289324,5760504.0
R-4524,Branded,37.48964374482187,36509.0
R-1629,Branded,33.52903941400768,1555975.875
R-2716,Branded,32.69498910675381,22547.58
R-2186,Branded,31.99937143156461,75600.0
R-1779,Branded,31.911111111111115,95533.6
AI-0581,Generic,35.90359247747221,1968459.875
R-2571,Branded,32.0,62700.0
AI-0165,Generic,36.510640560283534,700495766.0899999
AI-0970,Generic,32.636311475409826,12027718.0
R-0495,Branded,29.889611863695798,2868336.7
AI-1455,Generic,35.32310231686765,9286866.175
R-3434,Branded,36.28232923706597,5260005.675
R-4813,Branded,17.333231007989905,527503.2
R-2731,Branded,36.71655806743671,423666.0
R-1167,Branded,37.5,59224.0
R-4366,Branded,37.5,95535.0
AI-1338,Generic,33.1631291662084,112678818.91500005
R-1306,Branded,31.99795605518651,64580.0
R-0089,Branded,36.97284267480578,79283.4
AI-1559,Generic,37.5,412500.0
R-1050,Branded,31.724385648574238,2899581.3
R-1483,Branded,37.49999999999999,23992.500262499998
R-1173,Branded,34.200042105263165,3670566.0
AI-0194,Generic,35.952380952380956,914929.0
AI-0744,Generic,34.995146066154625,24639939.584999997
AI-1112,Generic,32.501444304026,150855.15
R-1820,Branded,36.95643224699829,1409398.375
R-2872,Branded,28.333333333333332,3118500.0
R-2019,Branded,37.0818858560794,497196.0
R-1554,Branded,33.10050492906949,156464.25
R-2328,Branded,34.68581668342741,5740750.945
R-2229,Branded,33.4666938484277,924000.5
AI-0075,Generic,36.58047553343148,21232714.354999997
R-5042,Branded,23.26666666666667,264812.0
R-4424,Branded,28.5,425869.55
R-5258,Branded,36.22806656514521,8654983.0
R-4977,Branded,37.49960972479497,60470471.25
R-3118,Branded,32.00000000000001,38999.4
R-0618,Branded,35.946911570952494,4185666.8200000003
AI-0499,Generic,33.54115629120407,1264338.125
R-3393,Branded,26.08382652221463,1384146.2
R-5164,Branded,34.21937696743639,18360920.0
R-2839,Branded,34.648547294161325,3315755.0
R-2774,Branded,32.0,52668.0
R-4912,Branded,-8.333190741818099,883937.125
R-0835,Branded,30.629486862808804,6024979.040000001
R-1155,Branded,36.69137466307278,40024.0
R-0330,Branded,32.0,303600.0
R-1055,Branded,30.20561941251596,654026.0
R-1297,Branded,34.75193835172991,56203356.815
AI-0024,Generic,35.31997518610424,480904.005
R-2590,Branded,35.43671572789886,284476.0
AI-0028,Generic,31.666666666666668,173289.0
AI-0881,Generic,30.644156320393954,2554713.98
AI-1201,Generic,36.07042869641294,30577661.0
R-4200,Branded,36.35283176899145,539245.75
R-5176,Branded,21.0,15972000.0
AI-0692,Generic,36.05694104862809,2217051.2199999997
AI-1059,Generic,26.21590909090909,4315740.0
R-3251,Branded,32.667820415560335,874744.75
R-4684,Branded,32.41780851530341,1807493.0499999998
AI-0977,Generic,35.02160953800298,571275.0
R-0107,Branded,35.19840970350416,3202104.1500000004
R-5231,Branded,9.9987938728742,45600.0
R-4568,Branded,34.751773049645394,72200.0
R-0820,Branded,36.934306569343065,192720.0
AI-0845,Generic,36.09209203597627,34225247.79000001
R-4805,Branded,34.754152922061934,133650.0
AI-0880,Generic,29.58183393868622,64423951.765
R-4888,Branded,37.5,84150.0
R-2758,Branded,34.80272952853598,14239.5
R-5104,Branded,32.0,66000.0
AI-0694,Generic,44.4874789676235,11660227.344999999
R-1985,Branded,33.55128205128205,2147750.0
AI-0938,Generic,21.09375,246585.625
R-2013,Branded,31.99999999999999,306504.0
R-4619,Branded,30.05086752694407,1370250.25
R-2063,Branded,31.967213114754102,202860.0
R-0009,Branded,35.628724719178514,2654890.77
R-2678,Branded,37.49968023330179,107500.0
R-3061,Branded,37.502450980392155,105189.5
AI-0297,Generic,29.479843881044935,35003051.989999995
R-4734,Branded,21.0,45980.0
R-1449,Branded,37.07692307692308,1618144.0
R-3078,Branded,37.5,82500.0
R-0593,Branded,32.00106638229805,85477.0
R-0613,Branded,36.715879372343906,741103.47
R-1123,Branded,35.2969696969697,20601330.0
R-4789,Branded,22.780649181388352,439438.24
R-2779,Branded,35.05531941492687,476733.375
R-0059,Branded,32.0,192060.0
R-2141,Branded,32.0,21140768.0
R-5290,Branded,32.00352009386917,36000.0
AI-0860,Generic,38.20001108369299,26968142.8275
R-2529,Branded,37.5,880000.0
AI-1427,Generic,33.94121726360447,2241746.0
R-0177,Branded,33.24615993336394,1790935.09
R-5055,Branded,31.3125,11407275.0
R-0869,Branded,30.625,850800.0
AI-1290,Generic,35.497949138638226,3903039.875
R-0863,Branded,29.746797184056806,1764693.5
R-1774,Branded,20.997938144329897,14671.0
R-4015,Branded,25.708894878706197,134082.0
R-4635,Branded,37.500034399724804,1832016.375
R-0545,Branded,45.69128314059305,453245.70999999996
AI-0066,Generic,34.5357641691668,2219545.54
R-1816,Branded,23.7192118226601,2176.99998
AI-0216,Generic,34.51057055009438,38562747.839999996
AI-0119,Generic,33.23759140619944,61767.615000000005
AI-0043,Generic,35.340548368805955,8252914.465000002
R-2464,Branded,77.83456856101454,230201.0
R-0255,Branded,35.35670632278555,2787124.0
R-0423,Branded,36.6233732917437,901341.82
R-5261,Branded,32.55827436269076,170821.8
AI-0978,Generic,36.05581759388943,19133493.98
R-5269,Branded,36.343640648432476,1425638.0
R-1190,Branded,36.39425458147598,195431.0
R-0118,Branded,33.18042058583264,6339253.74
R-4637,Branded,35.666666666666664,5128.2
R-4342,Branded,36.88642101668198,1633185.4649999999
AI-1553,Generic,29.451365203779527,13294487.625
R-1809,Branded,36.96969696969697,737807.8
R-3444,Branded,37.5,198000.0
R-1598,Branded,34.78657855250136,121584.0
R-1886,Branded,35.376275510204096,7913.453205
AI-0226,Generic,32.82386882434807,35131568.93000001
R-1047,Branded,32.00022327035249,47297.0
R-2424,Branded,35.55895475870214,7321102.0
R-3391,Branded,33.497743902439026,1258252.0
R-5102,Branded,37.24137931034483,1791.0
R-1539,Branded,35.00058941820955,1917477.185
AI-0658,Generic,30.345314269577248,213321.135
AI-0196,Generic,29.106739836166785,7343746.5
R-1205,Branded,36.1826522101751,340021.875
R-0304,Branded,37.735849056603776,11096.0
R-0615,Branded,35.629629629629626,352074.0
AI-0518,Generic,35.35580750238447,29409972.499999993
R-0098,Branded,36.67411684148074,173937.0
R-3811,Branded,31.999139229610503,110412.0
R-3761,Branded,37.50943396226415,21864.0
R-3152,Branded,31.99736842105263,400590.0
AI-0106,Generic,34.87417997993293,10463944.185000006
R-1563,Branded,31.37433695709259,1397092.06
R-1911,Branded,36.45403888737222,1585007.32
R-1473,Branded,36.775818148735425,335916.075
R-5043,Branded,29.25,4120050.0
AI-1057,Generic,32.99576332294525,5713511.829999998
R-0336,Branded,33.832460732984295,44852.00036
R-4889,Branded,10.808510638297872,221450.0
R-1983,Branded,34.276733934628666,81429.93
R-3363,Branded,26.499145299145297,74002.0
AI-1577,Generic,24.25243770314193,3068184.0
AI-0625,Generic,33.727390180878565,191951.32
R-4995,Branded,37.5,171435.0
R-3828,Branded,37.5,28875.0
AI-1278,Generic,20.0,5280.0
R-2466,Branded,35.628002801447415,524865.53
R-1815,Branded,33.34178347114882,171058.89
R-2512,Branded,33.649581074420894,433880.0
AI-1561,Generic,25.504031205713577,3687325.92
R-1560,Branded,25.0,70306.25
R-4831,Branded,10.011933671232807,235109.00000000006
R-0085,Branded,31.94015587999478,570963.7
R-1759,Branded,37.5,107294.0
R-0445,Branded,37.5,130625.0
AI-1247,Generic,36.607085668567265,12297569.65
R-1964,Branded,34.96296393297593,349673.25
AI-0943,Generic,34.08058289018845,47809643.895000055
R-1287,Branded,21.0,5082.0
R-3146,Branded,21.011470281543275,185680.0
R-5206,Branded,36.815748354209894,2490176.0
AI-0154,Generic,37.5,17498.25
R-0695,Branded,35.45008912655972,8946657.805
R-5028,Branded,29.25,5862450.0
R-2232,Branded,30.900136083885705,512950.0
R-2573,Branded,37.50001589825119,22721877.5
R-2822,Branded,37.494814814814816,154681.5
R-5081,Branded,33.67026847421585,5286990.0
AI-1347,Generic,34.115604339459395,8868087.45
R-4639,Branded,33.375,414448.65
R-1741,Branded,37.28713550094558,9221628.280000001
R-2786,Branded,36.96508862385637,11288238.0
R-5230,Branded,10.001692333728212,128375.0
AI-1416,Generic,34.63704185016069,23312189.834999997
AI-0189,Generic,35.66210542878625,174184929.07500002
R-1065,Branded,37.5,2475000.0
R-0126,Branded,29.99357050355034,1113093.72
R-0455,Branded,35.925878003397095,42819602.065
R-2993,Branded,31.9976913543612,4096764.15
R-0636,Branded,34.4140625,6718.11885
R-0092,Branded,34.99207831781617,2789961.5300000003
R-0918,Branded,34.76005867560771,29134.5
AI-0201,Generic,33.65643090949512,3964052.45
R-3318,Branded,37.5,86625.0
AI-0667,Generic,37.5,56878.25
AI-1212,Generic,23.38888888888889,176997.675
R-0715,Branded,33.448155676907845,449096.6
R-4387,Branded,35.513888888888886,792528.0
R-1623,Branded,34.757315900712705,505024.8256325
R-2726,Branded,32.55036576368512,621712.8
AI-0965,Generic,30.56159580406567,2004617.0750000002
R-0549,Branded,32.0,549120.0
R-5313,Branded,37.5,541301.75
R-3104,Branded,31.999999999999996,72879.84
AI-0700,Generic,36.80379746835443,273071.5
AI-1558,Generic,37.5,1392312.625
AI-1376,Generic,35.668831168831126,458147.375
AI-0629,Generic,37.5,13450272.0
AI-0029,Generic,20.99601593625498,173109.0
AI-0178,Generic,36.803545859327286,1271782.02
R-0053,Branded,36.686854881869195,831195.0
R-2698,Branded,37.49214330609679,2415000.0
R-0066,Branded,35.142857142857146,197636.505
AI-0418,Generic,22.467779400434676,4020290.0
R-0213,Branded,34.99965956765092,2009230.6799999997
R-0516,Branded,33.834600760456276,764915.6
R-2768,Branded,35.37037970430108,142989.77500000002
R-5300,Branded,37.49344520188778,1258560.0
AI-1327,Generic,34.265853503699525,1938098.2
AI-0671,Generic,34.942132132132286,6974519.0
AI-0597,Generic,36.42826782678269,405196.25
R-3063,Branded,37.5,12375.0
R-5318,Branded,36.58670774647887,67698.0
R-4329,Branded,36.89189514189515,341517.9
R-5046,Branded,29.24984520123839,417477.0
R-5279,Branded,37.338116698292225,5488189.0
R-1847,Branded,22.768977831975956,2961622.5
R-4965,Branded,31.999826316018005,182400.0
R-1229,Branded,26.55773955773956,2575450.0
AI-1199,Generic,33.21121262285396,198001.98
R-0248,Branded,37.49887942626625,460140.0
R-0305,Branded,37.50323526874299,478140.0
R-2769,Branded,68.72222222222223,148590.0
R-2431,Branded,33.50470949266169,38536520.800000004
R-0093,Branded,34.53331370123232,387465.35
R-0237,Branded,26.50379598987736,452070.0
R-2434,Branded,36.672237846194335,8378975.0
R-4858,Branded,13.895743919885552,1304732.4
AI-0144,Generic,18.80472840616492,103129.0
R-1900,Branded,37.5,26625.00005
R-5304,Branded,35.14321206743567,599928.0
R-2860,Branded,37.49090909090909,7562.0
R-0910,Branded,33.42560937005381,1377354.9849999999
R-2083,Branded,31.704113762102057,805935.695
R-3693,Branded,37.5,49500.0
R-0242,Branded,31.657784171929112,394737.935
R-2262,Branded,36.40017381316136,8552734.75
R-5056,Branded,34.75,3312375.0
R-1571,Branded,32.92029774872912,65234.0
AI-1211,Generic,29.82447112635792,65321.26
R-4907,Branded,22.416380140283312,39093.66
R-1079,Branded,36.94454545454546,75319.5
R-5118,Branded,18.8,743600.0
R-2149,Branded,33.833333333333336,416997.9
R-5133,Branded,21.0,13310000.0
R-1233,Branded,36.71419415210676,1488838.935
AI-0222,Generic,35.45105625857084,68669379.89999998
R-3841,Branded,30.283816425120776,427662.5
R-3725,Branded,37.499451659451665,105682.0
R-1479,Branded,34.75008799718409,217507.0
R-0418,Branded,29.27777777777778,12333100.0
R-4497,Branded,36.00033132435076,102508.23999999999
AI-0394,Generic,33.71907644638501,19160707.875
AI-0294,Generic,31.31452022338805,124150.0
R-3407,Branded,34.125,290520.0
R-5027,Branded,37.5,15125000.0
R-2672,Branded,35.667579908675805,148556.0
R-4660,Branded,37.5,1134168.75
R-1109,Branded,34.8130081300813,36480400.0
R-2658,Branded,37.499763732795024,2553353.0
R-5078,Branded,37.5,6875000.0
R-2243,Branded,30.166831519947248,392684.0
AI-0870,Generic,37.50440917107584,257284.75
AI-1397,Generic,32.619282225947245,33537447.874999996
R-5168,Branded,32.0,84480.0
R-4978,Branded,37.5,22000.0
AI-1410,Generic,34.37080492558782,17380566.375
R-4890,Branded,26.499999999999996,79350.92
R-1710,Branded,37.174489567690195,6875915.0
R-3321,Branded,32.0,194425.44
R-3138,Branded,20.28610597842285,605412.0
R-1143,Branded,36.736111111111114,1525040.0
R-2924,Branded,37.5,2598750.0
R-0986,Branded,36.11436950146627,173010.0
AI-1341,Generic,37.0000229167526,8083607.55
AI-0367,Generic,58.41584158415842,518400.0
AI-0533,Generic,33.72203602021429,14727728.95
R-2272,Branded,35.90865499880126,909259.7350000001
R-1399,Branded,32.0,217800.0
AI-1522,Generic,20.704716607213633,1066010.0
R-2002,Branded,31.484886011820997,4056364.25
R-4157,Branded,37.49993265993266,1096562.0
R-5137,Branded,21.0,532400.0
AI-0209,Generic,31.823982398239828,241657.025
R-1606,Branded,35.666666666666664,22200.75
AI-1144,Generic,31.308612983805503,11430305.475
R-0134,Branded,34.99977596567715,844476.47
R-3523,Branded,33.22735042735043,77938.0
R-4677,Branded,36.583333333333336,1352175.0
R-4999,Branded,10.0,388080.0
AI-1000,Generic,29.64047089855435,92973877.79999998
AI-0110,Generic,32.423203767785495,162270373.46
R-0701,Branded,23.809906160750717,101227576.0
AI-1301,Generic,37.493328589219004,70659.5
R-1944,Branded,34.27230046948356,189798.0
R-0394,Branded,31.999999999999996,50400.24
R-0879,Branded,32.75761725021659,1266011.5
R-4905,Branded,37.4113475177305,56575.0
R-4843,Branded,14.868421052631579,316899.0
R-3128,Branded,36.888459473966726,851026.0
AI-0281,Generic,33.88089662094347,86600.0
R-3225,Branded,37.5,68618.0
R-0216,Branded,35.85039785729147,10545147.0
R-3625,Branded,26.764105787361604,54416.8
R-0027,Branded,28.72,11567816.0
AI-0397,Generic,30.82047705440633,245508.975
R-0894,Branded,36.55172413793103,9142210.0
R-4541,Branded,26.0,41554.8
AI-1134,Generic,27.724257610372746,17445733.0
R-5077,Branded,37.49998243302591,8122124.0
AI-0477,Generic,33.16470588235294,1125124.0
AI-0503,Generic,35.8358418141089,10937279.3
R-1032,Branded,37.50166422580216,82622.0
R-0021,Branded,37.5,8387.5
R-3913,Branded,37.5,31625.0
AI-0221,Generic,37.87207750039846,9697179.665000001
R-1729,Branded,35.339285714285715,17863560.0
AI-0876,Generic,28.68686868686869,2429.2
R-1168,Branded,33.95999459386404,328224.6
R-1533,Branded,36.062116402116416,1658624.0
R-4021,Branded,31.25,11840.0
R-4338,Branded,37.5,6875.0
AI-0001,Generic,35.74010224211938,1699436.0
R-2871,Branded,34.75000000000001,105994.35
R-3572,Branded,33.40768824131893,1895613.25
R-5254,Branded,37.5,7963890.0
R-3064,Branded,29.411142892675038,504347.75
R-2620,Branded,27.618725527773393,277428.2
AI-1482,Generic,36.4,19218.760000000002
AI-0738,Generic,38.498560575401896,1059077.05
AI-0125,Generic,50.842654409136614,579568.25
AI-0167,Generic,27.002826727498267,3367456.3499999996
AI-0529,Generic,34.31878988857314,4973923.48
R-3106,Branded,32.0,33396.0
AI-0291,Generic,33.42292232482347,1257325.8399999999
R-0566,Branded,34.750502765208644,258604.5
R-0341,Branded,32.75858963588639,4775299.5
AI-0709,Generic,30.428458382039555,1043700.25
R-0151,Branded,37.49987287058226,270393.5
R-2062,Branded,16.600000000000005,44144.76
R-5138,Branded,10.0,4441250.0
R-5260,Branded,37.530562347188265,94500.0
R-4534,Branded,36.59079500746167,549547.975
R-2909,Branded,36.87239466186834,743463.0
AI-1130,Generic,36.15779170931423,905441.94
R-2910,Branded,21.0,29040.0
R-4873,Branded,19.89857185438658,5217923.800000001
AI-1402,Generic,34.817173737367426,21892656.5
R-2406,Branded,26.49855983661578,162778.0
R-0604,Branded,35.78125,599610.0
R-1585,Branded,37.50687442713107,7501.0
AI-0643,Generic,29.838383838383837,9791.32
R-3109,Branded,37.4995522548446,1497080.0
R-2346,Branded,38.74105461393599,150085.0
AI-1268,Generic,32.451872871052366,4099151.825
R-3065,Branded,20.999917966157312,324500.0
R-1898,Branded,35.40373818307401,2786772.5
R-4536,Branded,37.500401606425704,85594.0
AI-0555,Generic,29.246528255190434,376004.0
R-0891,Branded,33.110439386755175,1086657.5
R-2076,Branded,35.970930232558146,501178.35
R-3385,Branded,31.0,345398.625
AI-0398,Generic,32.03918506376647,3879786.925
AI-0313,Generic,37.5,133650.0
R-3015,Branded,33.09878296146045,422031.12
AI-1372,Generic,32.71591501481661,10582316.499999993
AI-0981,Generic,31.936249170964704,38700600.6
R-2625,Branded,0.6605504587155969,44712.0
R-5278,Branded,32.00471445408765,862400.0
R-0625,Branded,49.62788550323184,1060624.8199999998
R-1090,Branded,37.5,100003.75
AI-0619,Generic,21.000171880371262,70397.9
R-5132,Branded,21.0,1964556.0
R-4396,Branded,35.43756504524888,47890723.0
AI-0971,Generic,35.0,291060.0
R-3840,Branded,37.5,231000.0
AI-1305,Generic,33.1338028169014,45868.0
R-0221,Branded,30.915306122448982,31266.800000000003
AI-1575,Generic,35.63416444949065,1374633.0
R-4926,Branded,21.729353523587633,3126957.8000000003
R-1203,Branded,34.23886748657511,5547218.6999999955
R-1536,Branded,30.58401826484018,36798.175
AI-1180,Generic,36.28744762038567,8288926.345
R-3285,Branded,36.125,572550.0
AI-1279,Generic,35.30208065779234,1981525.6449999998
R-5187,Branded,37.500328161507966,209501.0
R-3764,Branded,37.50211541716026,16250.0
R-2782,Branded,35.531488449754704,14127088.92
AI-0252,Generic,20.0,21600.0
R-1265,Branded,35.52204081632653,1628318.125
AI-1568,Generic,31.356613349104027,1671915.77
AI-0274,Generic,33.65630907807523,89961982.89000002
AI-1041,Generic,36.34088138892346,1027065.54
R-0143,Branded,36.70646224006842,2862103.195
R-1850,Branded,29.78965091478058,1207414.4
R-1253,Branded,31.99387676999617,10347.0
R-4863,Branded,9.999999999999998,8059.7
AI-1359,Generic,34.735519363688574,9159147.52
R-0752,Branded,27.661998963216558,90318878.64
R-1310,Branded,34.06298798798799,614122.625
R-0436,Branded,39.95177271751641,180831.82999999987
AI-0158,Generic,32.00006285717279,2016000.0
AI-1378,Generic,37.5,67925.0
R-1296,Branded,34.834731058415265,10588038.925
R-2094,Branded,32.0,2508.0
R-1313,Branded,35.61040596916635,1555369.75
R-0744,Branded,33.99302133569596,5380161.96
AI-0073,Generic,32.10813959217609,1617225.125000001
R-1921,Branded,37.5,58751.0
AI-0371,Generic,35.23591911496068,25989468.699999996
R-5220,Branded,9.993714644877436,14000.0
R-4922,Branded,32.00110380352297,861030.0
AI-0532,Generic,36.31731078904991,846530.5
R-4855,Branded,7.5183990321605005,112341.0
R-1591,Branded,34.00482093663912,799007.75
R-0925,Branded,35.74615200415021,227067.845
R-2191,Branded,38.88888888888889,50.0
R-5001,Branded,23.750898634076204,1221031.0
R-4628,Branded,37.5,90750.0
R-0871,Branded,37.50101288388299,67876.0
R-5144,Branded,10.115210335130767,5442832.5
AI-1300,Generic,32.77272727272727,43830590.64
R-4197,Branded,37.30987839413627,2131834.0
R-3939,Branded,36.006089120233035,3964068.04
AI-0821,Generic,37.5,118677025.5
AI-0096,Generic,32.71087133800935,34928467.78
R-4118,Branded,21.0,228690.0
R-3005,Branded,28.192511192511194,202754.725
AI-0197,Generic,29.40504677188618,15735919.500000002
AI-0191,Generic,35.293168727594974,139656.41
R-3166,Branded,34.06258766729842,2915152.1
R-0109,Branded,26.480079035577766,1820864.4
R-2265,Branded,20.000000000000004,2727.2724
AI-0033,Generic,25.109399211212793,2934650.2350000003
AI-0103,Generic,36.293103448275865,9342.0
AI-0243,Generic,29.055659623045482,2448943.7049999996
R-1821,Branded,37.50049102407982,280028.0
R-4958,Branded,10.0,275000.0
R-2948,Branded,28.545283973094623,12721109.0
AI-0359,Generic,36.65384615384615,38280.0
R-0622,Branded,10.0,27225.0
R-0947,Branded,36.03637503919724,78228.0
R-5240,Branded,37.5,480700.0
R-0314,Branded,34.75469967904631,82532.0
R-1465,Branded,41.658974358974355,1537510.0
R-2310,Branded,31.392702012666202,143393.6
AI-1545,Generic,28.796689653525352,1549001.29
AI-0181,Generic,33.03697762132997,4899330.9
R-2096,Branded,37.44103773584905,10053.25
AI-1439,Generic,34.08946244835478,18457694.09199997
R-3584,Branded,37.500019551626465,1758166.0
R-5284,Branded,31.99551988053015,197988.0
R-0064,Branded,36.29829545454545,1272490.8
AI-1038,Generic,36.74295809694436,418913.0
AI-1185,Generic,35.7333697369191,7877280.0
R-1974,Branded,37.49760857088196,43122.0
R-4860,Branded,11.110312325265596,69549.5
R-2358,Branded,36.999084039386304,261495.0
R-3153,Branded,32.0,178200.0
R-4506,Branded,32.63219895287958,332874.0
AI-0374,Generic,36.44012362580228,1185191.65
AI-0031,Generic,34.47712965305876,166765640.0
R-5178,Branded,21.0,7986000.0
R-4927,Branded,25.288368562222843,10494838.7
AI-0550,Generic,37.50229147571036,30003.0
R-2800,Branded,35.1595665273947,7127147.76
AI-0766,Generic,34.00068750572921,547089.35
R-3006,Branded,28.94469488271141,616238.975
R-1941,Branded,29.810398613518196,202054.1
R-1908,Branded,35.17695512094439,4986198.4
AI-1045,Generic,34.19487376555484,131200.16999999998
R-0583,Branded,37.499286712887674,525896.5
R-4951,Branded,31.051129887993753,2256600.13
R-2020,Branded,33.62510113268608,677082.0
AI-1408,Generic,37.10626523151909,8502912.0
AI-1554,Generic,24.83570287385516,32123960.200000003
R-2078,Branded,34.69036572802435,4817257.56
AI-1259,Generic,35.23113551565674,22118574.5
R-0371,Branded,30.808261828354702,7631240.785
AI-0437,Generic,32.0,2846076.0
R-3967,Branded,36.26590671268448,2514851.0
R-1298,Branded,32.0,18810.0
R-2177,Branded,25.0,4546.25
R-2676,Branded,31.500046274524568,137212.4
R-5125,Branded,10.0,75900.0
AI-0451,Generic,36.6513937072228,307885.0
AI-1289,Generic,31.232316126285717,59329963.875
R-4410,Branded,36.31926856755884,3142967.0
R-1222,Branded,36.714921482611736,1853784.0
R-5054,Branded,29.25,13171092.0
AI-1186,Generic,33.732223377132506,17369517.61
R-1314,Branded,31.52475837415596,3113230.56
R-2663,Branded,37.5,6160000.0
AI-0663,Generic,33.099777297880955,393580.0
R-4581,Branded,34.75,377300.0
R-0403,Branded,34.3568879439948,596409.16
R-1715,Branded,36.685395390782155,1373775.3388
AI-0748,Generic,29.873578021034565,1808224.5
R-2393,Branded,37.499999999999986,17628.75015
R-4618,Branded,31.999951860008906,292500.0
AI-0335,Generic,29.045617143678477,1726067.5399999996
AI-0606,Generic,33.15079365079365,255837.25
R-2757,Branded,32.00672043010752,6138.25
R-0337,Branded,36.33870967741935,110945.5
AI-1178,Generic,30.04693059889293,11108641.575000001
AI-0856,Generic,37.54838709677419,7462.0
AI-1072,Generic,35.35834572604734,6611366.25
R-1516,Branded,31.999999999999996,715473.0
R-2564,Branded,36.096220654485855,4891185.3675
AI-0693,Generic,32.48448448448449,5430752.609999999
R-2308,Branded,34.75000000000001,138458.32
AI-0944,Generic,30.87819729553601,505400.30000000005
R-0292,Branded,33.89270833333334,2313414.5
R-0254,Branded,34.51884737259044,375159.15
R-3995,Branded,27.603068340306834,536316.88
R-2826,Branded,36.58793969849246,26223703.0
R-5154,Branded,10.917573872472785,62194085.0
R-0762,Branded,35.31534391534392,34480.7
R-0498,Branded,35.30049504950495,683267.5
R-2667,Branded,34.761397812774504,341636.0
R-5272,Branded,21.000355883399656,37400.0
R-0385,Branded,35.14247294614843,212886.25
R-0153,Branded,31.757936507936506,84522.5
AI-0047,Generic,37.079252504784414,719670.0
R-4662,Branded,35.44615384615385,454078.755
R-4992,Branded,15.789473684210526,4587000.0
R-5050,Branded,30.281282091593013,47303810.0
AI-0468,Generic,35.71492529121407,20464608.4
R-0519,Branded,29.24817101644788,99640.0
AI-1284,Generic,35.52495183373413,16458179.495000005
AI-1240,Generic,34.70238153996832,21265963.375
AI-0264,Generic,30.44605472945682,4940062.105
R-5117,Branded,10.030106256943474,186295.0
R-3130,Branded,33.71881752817466,1272329.75
R-1295,Branded,34.84084008097169,20313869.75
R-1870,Branded,32.78422265893573,871017.25
R-1697,Branded,37.249405040427675,150461.375
R-0574,Branded,34.75,137280.0
AI-1232,Generic,36.583426502808614,908899.875
AI-0609,Generic,36.13616725373944,111481480.25
R-0536,Branded,29.799624808741875,1466271.32
AI-0649,Generic,36.8125,55836000.0
R-0345,Branded,37.0015737946647,1165166.0
R-1777,Branded,28.499936480410394,2800772.985
R-2861,Branded,32.00000000000001,51766.44
R-1357,Branded,35.93740197687566,5878372.575
AI-0057,Generic,32.28087344323042,9025285.5
AI-0292,Generic,33.22904548273161,54058757.519999996
R-1736,Branded,37.49677419354839,53280.0
AI-1542,Generic,12.068382808902637,8452419.0
AI-0566,Generic,38.477696296449594,10340572.025
AI-0838,Generic,32.902424486488975,222836.1
R-5280,Branded,10.003586468601045,1936951.0
R-3535,Branded,37.48903493427957,20426.5
AI-0973,Generic,29.247869561018337,123188263.73999995
R-1339,Branded,36.98024527907463,1306528.0
AI-1599,Generic,10.051170512335585,1488313.5999999999
R-2006,Branded,36.903858796410795,1818102.25
R-0763,Branded,32.0,65780.0
R-4674,Branded,34.75,528220.0
R-4643,Branded,32.659646276249426,6283778.55
R-2279,Branded,33.857269031535274,41325.0
AI-0534,Generic,33.328962378780645,9910491.26
AI-0223,Generic,32.00106277992864,834648.0
R-2469,Branded,35.137638557415414,989951.5
AI-0347,Generic,36.84976453734662,22063918.9
R-2756,Branded,36.440494255365266,64728.0
AI-0150,Generic,31.270252828425967,3807658.0
AI-0995,Generic,30.9271978021978,45823.76
R-2572,Branded,37.40831295843521,7306.0
R-0705,Branded,37.5,78650.0
R-0235,Branded,36.764911372751946,2315863.2
R-0095,Branded,34.330217058497055,447138.69000000006
R-4762,Branded,32.0,68444.64
R-4930,Branded,26.495390739576788,31850.5
R-1909,Branded,37.5,20210.00025
AI-0340,Generic,33.125,13905.0
R-3025,Branded,33.37511961722488,278754.0
AI-1382,Generic,32.09681089214283,1789681.0
R-3236,Branded,31.999999999999996,28679.64
R-1998,Branded,35.05420090113967,1561454.0
AI-0577,Generic,36.15639477816023,51708224.07
AI-0385,Generic,31.458333333333332,86745.54
R-0358,Branded,35.37103274314822,64453604.625
R-1041,Branded,31.528917252519737,51520.6
R-2086,Branded,33.819488480236735,223320.0
AI-1062,Generic,19.166890741238685,2970000.0
AI-1601,Generic,32.0,9504.0
R-4199,Branded,34.77610365640008,674537.25
AI-0427,Generic,36.035726459088565,12694583.075
R-1785,Branded,-3.689203925845147,118776.0
AI-1555,Generic,9.861829176114892,203460.0
R-3746,Branded,33.37282780410743,37147.0
AI-0832,Generic,30.056410256410253,1251958.3199999998
R-2576,Branded,36.21113292128197,2857766.0
R-1084,Branded,32.0,108900.0
R-3796,Branded,37.5,178750.0
R-1206,Branded,28.580034423407913,80016.0
R-0351,Branded,31.999628172156292,5101620.0
R-1939,Branded,26.49856627509019,324653.4
AI-0806,Generic,35.98594938287872,4323595.954999999
AI-0705,Generic,31.142065275117012,609849.0
AI-0220,Generic,36.0051820171236,28775012.65
AI-0712,Generic,36.09579839685475,1000118.75
R-1845,Branded,35.666314461699756,798011.16
R-1723,Branded,34.36273472937084,222560.0
R-4585,Branded,35.31707674599348,79641.7
R-0822,Branded,31.99989487136526,803586.3200000001
R-2367,Branded,32.0,53460.0
R-1605,Branded,26.500386172677697,108099.64
R-1601,Branded,37.5,29700.0
AI-0058,Generic,37.499672620606574,210000.5
AI-0063,Generic,30.974358974358978,85515.6
AI-1099,Generic,37.5,240000.75
AI-1020,Generic,33.798733101525066,1870907.835
R-4245,Branded,37.499851019596235,32187503.75
R-5156,Branded,32.68757260946218,287995.0
R-2491,Branded,35.780485504149304,812932.655
R-0340,Branded,33.224304861087944,20847702.439999998
R-0172,Branded,37.5,27225.0
AI-1600,Generic,37.4996071035675,1487347.0
R-0099,Branded,35.67479191438763,77341.5
R-4586,Branded,37.49978846186389,893750.0
AI-0836,Generic,38.66692019925488,21627962.544999994
AI-1036,Generic,32.475192842632424,22363659.300000023
R-2238,Branded,31.996233521657253,200049.0
R-3103,Branded,21.00082034454471,14750.0
R-5053,Branded,29.25,9071370.0
AI-1030,Generic,22.1875,255039.525
R-5090,Branded,30.9,3247398.0
R-2785,Branded,37.04365079365079,2825886.0
R-0765,Branded,29.640553820955112,102991.0
AI-1109,Generic,32.00000000000001,465696.0
AI-0277,Generic,62.0,4391964.0
AI-0721,Generic,36.24857885333766,66220.225
AI-0516,Generic,39.02692909096007,124125.0
AI-1306,Generic,17.908168051460727,432068.13
AI-0517,Generic,36.000651890482395,125543.0
AI-1246,Generic,34.716464254051495,7951009.615
AI-0718,Generic,35.848845585021614,9558647.875
R-0044,Branded,24.367597696153343,404682.0
AI-0090,Generic,31.50794921113159,2112598.085
R-1786,Branded,33.30114135206321,402163.0
R-2885,Branded,29.79763501342462,1142596.0
R-0199,Branded,31.976112920738327,2431.0
AI-0254,Generic,34.24737895716447,23066997.839999996
R-4405,Branded,180.38402461445455,1375952.375
AI-0450,Generic,36.810916179337234,679666.0
AI-1222,Generic,37.50057592707295,6068843.0
R-1115,Branded,35.51744007540109,18790363.975
R-2778,Branded,36.91185113144057,526500.0
R-2458,Branded,27.18416393239646,695026.601
R-2136,Branded,37.49934524121314,26250.0
AI-0551,Generic,29.644849507697117,187523.48000000004
AI-1280,Generic,37.49996993415801,17937742.125
R-2059,Branded,33.08585431719271,3079402.205
R-1490,Branded,34.364809727392434,1096159.725
R-1709,Branded,37.13034309923477,56739406.0
R-0666,Branded,26.488011283497883,91630.0
R-1346,Branded,33.59772767236887,1685349.5
R-2559,Branded,31.25,31500.0
R-3701,Branded,37.5,89375.0
AI-1153,Generic,37.46571428571429,53406.0
R-0703,Branded,37.49374609130707,105529.25
AI-1181,Generic,34.69631523272215,1137296.0
AI-0458,Generic,35.230909757352144,11310301.465
AI-0822,Generic,33.51945060156781,31679118.049999997
R-1005,Branded,37.2093023255814,1416.0
R-1209,Branded,37.5,145530.0
AI-0357,Generic,33.51773943044158,18353292.289999995
AI-0203,Generic,21.0,203280.0
R-0161,Branded,37.5002115381361,325001.0
R-0268,Branded,30.083333333333332,1776272.0
R-0377,Branded,32.154183281142,8662375.02
R-2355,Branded,37.5,15468.75
R-1537,Branded,33.27654076569047,4185221.67
R-4794,Branded,30.900000000000002,265694.0
AI-0964,Generic,34.05531154792688,1672076.33
R-2081,Branded,35.545054724138055,1820245.96
AI-1317,Generic,35.997628752035126,1482779.25
R-0225,Branded,29.250636860616694,89980.0
R-2652,Branded,32.000000000000014,21600.000048
AI-0784,Generic,35.339285714285715,37895000.0
R-0668,Branded,30.0982905982906,8804.99855
R-1648,Branded,37.495913697286696,538368.0
AI-1027,Generic,33.81838656838657,260992.2
R-0102,Branded,33.64694338024688,463848.025
R-5203,Branded,9.997581035316884,3805500.0
R-4853,Branded,10.0,114840.0
R-1494,Branded,33.993788668661914,576935.15
AI-0616,Generic,33.982724814941626,14603120.959999999
R-3934,Branded,35.31860357988944,989747.3
R-2750,Branded,37.5,43793.75
AI-1093,Generic,35.66663476387189,4167450.0
AI-0564,Generic,41.82460087917806,8291053.494999997
R-3432,Branded,35.5526144365287,131097.0
R-1437,Branded,32.894805194805194,2558225.0
R-0407,Branded,32.73351415516388,773889.0
R-0416,Branded,36.723768736616705,196349.0
AI-1056,Generic,31.085063860686653,4429554.1590000065
R-0219,Branded,32.21003344481606,395308.0
R-1236,Branded,32.0,485255.76
R-1708,Branded,29.249999999999996,10633.92
R-1369,Branded,36.785259852929,329381.44
R-2430,Branded,32.0,20903.52
AI-0660,Generic,31.384648480197207,282470.425
R-3160,Branded,37.50087504375219,78568.0
R-0714,Branded,37.54045307443366,22950.0
R-5293,Branded,21.0,2295975.0
AI-1524,Generic,34.628578944509684,14902936.759999998
AI-0538,Generic,36.33688263230745,9442769.5
AI-1523,Generic,20.0,36000.0
R-0432,Branded,34.20206257892521,47823.9998905
R-5302,Branded,32.0,312840.0
AI-0338,Generic,34.14179531160662,25222.629999999997
R-2976,Branded,32.47369426920419,2554738.8125
AI-0701,Generic,35.47308419725417,496746.85
R-0950,Branded,48.39173722258705,1174161.1100000008
AI-1157,Generic,35.37164391451989,12606430.565000001
AI-0886,Generic,37.5,111375.0
R-1318,Branded,36.517508865575884,1227732.4100000001
AI-0789,Generic,32.821604454583806,111324594.07
AI-1156,Generic,33.20354765296277,6659279.159999998
AI-0390,Generic,36.77611742655748,1189610.0
R-0108,Branded,36.599547773654905,167886.105
R-2061,Branded,32.13323064761717,6682336.534999999
R-0127,Branded,35.66942148760331,1387590.0
AI-0279,Generic,26.48497007014553,17239481.97
R-2578,Branded,34.2,534050.0
R-2772,Branded,36.978354978354986,18985.2
R-0395,Branded,37.50000000000001,22739.999975
R-1311,Branded,35.838331856577454,77518206.575
R-5045,Branded,26.5,7114800.0
AI-0113,Generic,32.91184573002755,49990.119999999995
R-2388,Branded,33.83279395900755,108380.4
R-2392,Branded,35.76302190883908,1237399.0
R-0122,Branded,37.54324308170445,4011410.92
R-3195,Branded,30.44896847358924,568325.525
R-2270,Branded,33.371153846153845,83296.0
R-5134,Branded,21.0,439230.0
R-3060,Branded,37.50303030303031,119112.0
AI-1274,Generic,34.848346829356956,1846339.4650000003
AI-0376,Generic,36.13392915815688,553147.14
R-4715,Branded,20.998996779133005,68748.0
AI-0219,Generic,33.45692809917887,7031893.225
AI-0825,Generic,32.05421846793146,2053128.505
AI-1105,Generic,35.10671277937075,411465.57999999996
AI-0513,Generic,33.479108194725605,9539694.284999996
AI-1552,Generic,28.196094609460946,2651080.2
R-2077,Branded,33.72227768935371,4188535.540000002
R-1678,Branded,35.666128589960415,377836.0
AI-0311,Generic,37.5,269500.0
AI-0199,Generic,37.50003367345015,6125066.875
R-1439,Branded,34.09259259259259,1379904.0
R-2775,Branded,37.5,198750.75
AI-1417,Generic,37.49284077892325,49133.25
R-1223,Branded,35.66937764446026,291466.25
R-0935,Branded,37.015050784856875,2539302.5
R-2791,Branded,20.999147915548964,76682.0
R-0865,Branded,31.63752492130593,12000238.350000009
AI-1387,Generic,34.10066283505327,22730609.030000012
R-5084,Branded,34.750239234449765,419568.0
R-4885,Branded,25.065057941104822,6284791.100000001
R-1532,Branded,31.751196172248804,711440.0
R-3624,Branded,25.587631771770056,104060.60999999999
R-4673,Branded,35.355680167378466,4857612.5
AI-0134,Generic,37.079908971289285,891179.5
R-0447,Branded,29.64363064120346,155844.0875
R-2236,Branded,37.50010699673018,6354898.0
AI-1295,Generic,33.87133315872183,3156237.8
AI-0537,Generic,35.33110775973414,18307929.229999997
R-0766,Branded,30.16559657570893,722259.0
AI-0890,Generic,10.687576866372824,5796000.0
R-0350,Branded,37.513751375137524,355000.0
R-4371,Branded,35.2659226892942,2558486.625
R-3374,Branded,32.0,210672.0
R-4547,Branded,36.72014925373134,9591582.0
R-3122,Branded,36.09710398914615,2994766.1399999997
R-5262,Branded,10.000264662290917,83125.0
R-3822,Branded,37.5,31886.25
AI-1174,Generic,35.9434988077561,60858911.374999985
R-1827,Branded,34.74021592442645,244689.75
R-4886,Branded,13.666666666666666,215512.0
AI-0455,Generic,36.44438012798386,1083147.47
AI-0490,Generic,37.07624349826185,1008414.0
AI-1588,Generic,33.89568094740508,433522.5
R-1936,Branded,37.5,554840.0
R-1165,Branded,35.864570328759136,12062875.330000002
AI-0478,Generic,55.27777777777778,80393.875
R-1353,Branded,31.99732798931196,592800.0
R-3846,Branded,32.0,449856.0
R-1430,Branded,32.91774840689165,924033.25
AI-0392,Generic,36.24254203582242,43701057.8
R-0239,Branded,39.670953857437894,5391024.0
AI-1210,Generic,34.17417753508841,2788015.73
R-5130,Branded,21.0,10967440.0
AI-0688,Generic,35.558211086743476,22792753.45
R-2053,Branded,34.15269526533312,397821.77067
R-0388,Branded,34.49984996153916,3167543.25
R-1400,Branded,30.166666666666668,308275.0
R-2797,Branded,9.999999999999998,30000.3
AI-0094,Generic,32.79326145552562,1181953.575
AI-0676,Generic,36.84133485527518,1470548.5
R-0433,Branded,28.5625,20570.0
R-3586,Branded,37.5,309375.0
R-2557,Branded,37.5,33000.0
AI-0545,Generic,37.4999944109099,19476186.75
R-0096,Branded,32.78560015977631,744640.4
AI-0914,Generic,30.732001857793176,7394980.8149999995
R-1947,Branded,33.73456790123456,11070.75
R-1512,Branded,36.15255107705973,39789017.0
R-0608,Branded,33.375504358994576,950370.3900000001
AI-1107,Generic,35.18749461656203,2029213.605
R-2245,Branded,33.37503079234872,1318568.0
AI-0085,Generic,30.79166666666666,152014.25
AI-0155,Generic,33.47222222222222,427981.35000000003
R-2585,Branded,32.0,42240.0
AI-0958,Generic,35.06220727343989,384275316.6500001
R-1573,Branded,33.67897628854645,6719619.539999999
R-1871,Branded,37.49997934085767,6856277.25
R-1107,Branded,37.5,51562.5
AI-0344,Generic,35.273653427052686,12142595.37
R-1752,Branded,29.18196568255312,2061451.0
R-4496,Branded,36.45114006514658,270544.0
R-3727,Branded,32.001955512099734,27001.0
AI-0578,Generic,35.889467309889206,17946820.265
R-5075,Branded,25.57044905299837,89371.0
R-1230,Branded,29.423664122137403,2068073.0
R-5177,Branded,21.0,532400.0
AI-0611,Generic,34.817081695219485,41761104.75
R-2340,Branded,35.50297619047619,173295559.57999998
R-1374,Branded,34.75101540023692,31849.75
R-2603,Branded,37.497835497835496,3192081.0
R-0899,Branded,33.99365551930804,2889500.385
R-0265,Branded,32.91030272058004,2966794.245
AI-0760,Generic,22.63053273587255,164030.79
R-1493,Branded,33.5143621412077,4822579.625
R-3247,Branded,28.984894090932517,415438.625
AI-0608,Generic,33.41829264107895,87487048.565
AI-0634,Generic,30.758830963426313,224012307.75
R-1784,Branded,37.49450549450549,9384.0
R-1375,Branded,32.634112996643104,495354.775
R-4027,Branded,35.30234848484849,4138023.6799999997
R-0528,Branded,31.416017797552843,116770.66
R-2386,Branded,36.633113311331144,667500.000225
R-5140,Branded,9.997155049786628,289980.0
AI-0991,Generic,37.49963333431111,140625.0
R-1584,Branded,37.48239039238278,1385210.16
AI-1263,Generic,33.03000631287692,9026206.725
R-2151,Branded,32.00601051840722,304185.0
R-1028,Branded,31.102469093371315,95064.375
AI-1345,Generic,34.24487756526495,10793412.33
AI-0739,Generic,32.76701097105508,1773586.58
R-4383,Branded,37.5001375001375,250000.0
R-0002,Branded,28.3998859571821,1618453.7399999998
R-4797,Branded,37.5,462825.0
AI-1603,Generic,37.40719547762697,9332362.0
R-4729,Branded,33.57172039148784,357021.18000000005
R-1628,Branded,33.245488731808024,1699369.165
R-2463,Branded,34.64307395374014,43882.05
R-2856,Branded,21.0,130680.0
R-2412,Branded,36.53987524487063,601968.03
R-0851,Branded,35.75746402834581,5871708.125
R-1188,Branded,36.89368998628258,377351.0
R-1469,Branded,37.5,2085600.0
R-2329,Branded,30.44625637797804,2274474.125
R-3101,Branded,36.63093611892326,2462297.0
R-0732,Branded,37.5,660000.0
R-4093,Branded,37.5,8937.5
AI-0257,Generic,36.77279293209055,22485666.825
AI-0135,Generic,35.00354413309679,25583439.174999997
R-0760,Branded,28.36583101207056,29546.0
R-2526,Branded,32.015145140933946,47070.0
AI-0388,Generic,32.04935414464141,2613582.4350000005
R-1894,Branded,30.900438596491234,1750170.0
R-1068,Branded,34.372822573616276,11369938.22
R-0679,Branded,39.94737175116538,608043.0
R-5320,Branded,21.0,1271105.0
AI-0623,Generic,32.14880472737039,318482.25
R-2395,Branded,36.81946224165219,327810.55000000005
AI-0114,Generic,33.52157203832086,12218062.189999996
R-0398,Branded,29.49927301805533,182920.8
R-2480,Branded,33.58231608583587,4209564.725000001
R-3115,Branded,31.407618606966484,3284899.55
R-4492,Branded,34.71961641717218,18588954.025000002
R-1763,Branded,32.00000000000001,65428.44
R-4518,Branded,28.257806023763468,275631.6
R-4626,Branded,36.40423661071143,693366.135
AI-0765,Generic,31.666666666666668,12374.25
R-0557,Branded,33.59676130130467,12492282.75
R-3953,Branded,32.0,165000.0
AI-1141,Generic,35.93256558431666,4323766.35
R-5139,Branded,37.582417582417584,62600.0
AI-1131,Generic,34.354439952794905,6695216.285
R-2542,Branded,32.0,5301360.24
AI-1100,Generic,37.49996405231108,3480796.375
R-0030,Branded,15.385700183330982,245460.0
R-4913,Branded,30.056845544653036,5615327.414999999
R-4382,Branded,37.5001375001375,250000.0
R-4681,Branded,34.908766733288275,844425.0
R-0555,Branded,32.916805393985584,1726541.08
AI-0238,Generic,36.58299330830749,267565.08999999997
R-0052,Branded,37.49451033973155,21861.75
R-2178,Branded,35.001047668936614,257717.0
AI-0192,Generic,32.847368421052636,404230.35
R-2005,Branded,37.56345177664975,58536.0
R-1700,Branded,37.11784169893636,5575285.015000001
R-2396,Branded,34.85274915925822,723942.0
R-0289,Branded,37.5,798380.0
AI-0050,Generic,45.36454606817414,6313102.05
R-2263,Branded,36.583511292305694,5065500.0
R-2192,Branded,37.5,9457250.0
R-5211,Branded,36.495255997135715,975474.0
R-5057,Branded,29.25,4265250.0
R-1861,Branded,37.12056689905828,299569.65
R-0486,Branded,37.297297297297305,101346.0
R-0267,Branded,33.57657413971073,940318.9
AI-0266,Generic,21.00009445100354,1444136.0
AI-0703,Generic,34.327873746643334,1667016.4049999998
R-1722,Branded,37.04331521539197,2926272.0
R-1254,Branded,27.874342105263157,173338.5
AI-1243,Generic,33.83503103169974,8877098.55
R-0535,Branded,37.5,65312.5
AI-1401,Generic,33.5210416241583,1720538.5300000003
R-2497,Branded,34.74704152011519,1167891.4
AI-0859,Generic,42.16087325093405,765337.125
AI-1235,Generic,32.761171999869525,17201555.15
R-1220,Branded,35.815883128667295,1225270.2196
R-3292,Branded,29.598147433423385,359420.4
R-0640,Branded,35.36139516886849,129747.28
R-5105,Branded,10.0,4026000.0
R-4328,Branded,36.89189514189515,341517.9
R-3767,Branded,37.5,154000.0
AI-0253,Generic,29.756551724137932,6323374.425
R-3159,Branded,35.36543395558701,1050789.165
AI-0782,Generic,36.17964087357427,11070227.125
AI-0615,Generic,32.4546921669421,4361948.8
R-5052,Branded,37.50009049773756,379844.0
R-0361,Branded,35.29858465382789,543751.6
AI-0405,Generic,34.351441520356516,25938881.08
AI-0947,Generic,31.746430191609083,3612311.3200000003
R-3719,Branded,37.5,10518.75
R-1462,Branded,34.75,98971.95000000001
R-1237,Branded,32.00065670661632,97885.0
R-0230,Branded,32.31649550706034,301981.8
R-0464,Branded,36.58940953745828,45471228.75
AI-1291,Generic,26.032624350089513,4740946.775
R-2608,Branded,34.833652312599675,4491991.125
AI-1521,Generic,32.97100886559244,205480.09999999998
AI-0132,Generic,34.069374187631176,12195824.98
AI-1400,Generic,34.96,252940.0
AI-0851,Generic,25.128519080111193,25329475.375
AI-1604,Generic,37.535741942374955,3927584.0
AI-0261,Generic,33.51545636175344,6234902.1000000015
R-4351,Branded,37.500334860296284,102655.0
R-1782,Branded,34.80224546669768,1739447.54
R-4788,Branded,37.5,618750.0
R-3691,Branded,37.5,56375.0
R-3053,Branded,32.0008015228935,79050.0
R-2033,Branded,35.544444444444444,58960000.0
R-0678,Branded,34.50694444444444,133859.975
R-0231,Branded,35.6900960148319,18003342.055
R-1309,Branded,36.11336032388664,89518.0
AI-0065,Generic,37.49908332569438,371996.0
R-0911,Branded,32.0,150579.0
AI-0726,Generic,35.048682703321894,1463901.0
R-3762,Branded,33.12229690411527,1478128.75
R-5276,Branded,36.125,1128373.0
R-3283,Branded,37.07684521955777,975673.75
R-2382,Branded,30.69758198078834,355118.4
R-3394,Branded,0.022002200220018666,81828.0
R-4857,Branded,10.000000000000004,14999.6
R-1324,Branded,36.13384144059071,2845565.5549999997
R-2710,Branded,30.34975551008347,147339.98
R-1982,Branded,51.343876262626445,1644290.55
R-2493,Branded,35.82219222222225,12101456.805
R-3942,Branded,36.956687230993275,17814417.6
AI-0306,Generic,37.5,88750.75
R-4575,Branded,23.700501253132835,98713.0
AI-0256,Generic,36.843068791690385,13741069.0
AI-1260,Generic,34.952103723406985,27934793.714999996
AI-1358,Generic,37.5,50000.5
AI-0645,Generic,31.542810882249633,1661930.2700000005
R-1553,Branded,32.007407407407406,35642.0
R-0607,Branded,31.274968332689184,5017478.08
AI-1108,Generic,20.0,84672.0
R-2114,Branded,34.49893673577884,1113823.75
AI-1362,Generic,36.150358087649906,1880947.635
R-1057,Branded,28.47848384725185,1741442.25
R-0360,Branded,26.50113830392715,215691.0
R-1475,Branded,33.34410587370192,6730947.455
AI-0956,Generic,31.79047619047619,53416.25
R-0259,Branded,37.5,100003.75
R-1999,Branded,34.80316339869281,2555856.125
R-5079,Branded,33.57142857142857,7441500.0
R-2117,Branded,32.00027854449187,2215372.3800000004
R-2295,Branded,32.91335739474512,18900129.854999997
R-4605,Branded,-11.000792544614795,65131.4
AI-1033,Generic,33.785632959259964,3055635.6
R-3325,Branded,37.500370644922164,92744.0
R-1474,Branded,18.44156190476191,22385.4552
AI-0803,Generic,32.49929038705397,4206205.65
R-4502,Branded,36.400275862068966,487576.0
R-2718,Branded,34.755980861244026,170136.0
R-0022,Branded,35.523217982845324,305229.6
AI-0903,Generic,34.61764374292567,99391601.5799999
R-3154,Branded,37.00561797752809,2466200.0
R-4333,Branded,41.40589909371956,2403669.75
R-4838,Branded,37.347363210793496,6700321.0
R-1422,Branded,32.00000000000001,38999.4
R-1866,Branded,22.569124423963135,566599.0
R-4667,Branded,32.00000000000001,123354.0
R-0654,Branded,30.76566593886462,176194.56
R-3199,Branded,34.82051282051282,4799850.0
R-1260,Branded,33.380102040816325,158470.0
R-3943,Branded,35.30015744489428,300772.25
R-1072,Branded,30.104477611940297,2317.1150000000002
AI-1541,Generic,12.692179921599893,2377309.5
R-0106,Branded,35.66778900112233,29911.0
R-3244,Branded,36.89717080964379,83922832.5
AI-1187,Generic,36.51793602591048,241605973.3650001
R-2626,Branded,33.833067517278046,498290.0
R-2471,Branded,36.125,119790.0
AI-1137,Generic,33.21685296354964,10355690.66
R-1280,Branded,36.40848065748193,5653446.6
R-4820,Branded,10.0,3465000.0
R-4632,Branded,37.500451127819545,228594.5
AI-0580,Generic,30.992324561403514,53211.0
R-0720,Branded,35.455128205128204,129952350.0
R-3718,Branded,37.500335210512205,176261.5
AI-1423,Generic,30.321968431576256,203314.175
R-2098,Branded,24.664099272571672,125106.0
R-0821,Branded,32.000698628940704,151154.0
AI-0742,Generic,34.84701313899676,833489.2000000001
R-0780,Branded,37.51375137513752,11250.0
R-1283,Branded,37.15526315789474,76718.5
AI-0596,Generic,34.81740614334471,368928.61
R-4760,Branded,26.519366197183096,11124.52
R-0074,Branded,35.97596746447355,1827331.6399999997
R-2485,Branded,30.998829039812644,1147855.9
R-3193,Branded,32.00000000000001,39157.8
R-1444,Branded,34.953588964227265,347335.9
R-5092,Branded,32.323232323232325,877.0
R-2837,Branded,32.00478278198485,33120.0
R-3286,Branded,36.714285714285715,1263240.0
R-0234,Branded,27.29288175218408,137053.14
R-0617,Branded,34.848206975856435,96645095.25
R-5033,Branded,20.011458034947008,209480.0
R-0125,Branded,37.50413975823812,741813.5
R-3200,Branded,35.9375,371875.0
R-3812,Branded,32.7853681280642,326877.8
R-2251,Branded,37.5,7150.0
R-4325,Branded,37.5,13750.0
R-1693,Branded,28.32955669662233,1520599.1
R-5330,Branded,37.50060606060606,56719.0
R-0236,Branded,32.000573915538766,55200.0
R-2523,Branded,37.5,314653.625
R-4994,Branded,16.673198198198197,1036058.0
R-1225,Branded,36.54092071611253,67408.0
R-2353,Branded,19.987643709825534,235199.77920000002
R-2054,Branded,32.93804835105182,359284.48212000006
R-5122,Branded,10.0,129800.0
R-0815,Branded,34.401408450704224,3356045.0
R-0282,Branded,37.29729034470932,40478.55
R-4938,Branded,17.278222194424462,4686414.0
R-0706,Branded,21.0,121000.0
AI-0463,Generic,34.58762330144995,15259891.910000004
AI-1395,Generic,37.5,3506156.5
R-1508,Branded,25.000776031409362,530575.03
AI-1160,Generic,31.99978974480275,809174.0
AI-1456,Generic,36.63452558433968,35781151.5
R-0651,Branded,36.02692164242369,461699.505
R-0332,Branded,28.333043478260873,996183.5
AI-0097,Generic,34.549855108048106,19093258.16499999
AI-0098,Generic,37.35751350704891,276947674.2
R-4782,Branded,36.666666666666664,28530.0
AI-1311,Generic,32.68853592870759,202945003.7599998
R-3780,Branded,25.0,287500.0
AI-0524,Generic,37.079525737420454,711031.5
R-4920,Branded,17.333333333333332,760320.0
R-4997,Branded,29.344827586206897,678150.0
R-2423,Branded,31.997409326424872,153835.68
R-1027,Branded,31.94648277395129,68003192.25
R-2144,Branded,36.997344679909475,307196.0
R-0880,Branded,37.5,1251.25
R-0828,Branded,36.213408156817046,96954965.055
AI-0553,Generic,35.38872454368047,6292660.335
R-1204,Branded,32.89664627425045,1565939.55
R-3150,Branded,37.5,220068.75
R-4998,Branded,37.49112426035503,168461.0
R-2883,Branded,37.5,94374.5
R-0008,Branded,34.16539782675517,1673256.32
R-0130,Branded,33.963710065583705,1002452.75
AI-0957,Generic,32.2722916309467,47033356.510000005
AI-0874,Generic,36.27956881924344,3298709.875
R-4915,Branded,37.5,220000.0
R-1227,Branded,36.579384027125144,2283795.75
R-3880,Branded,35.55180128234694,785431.25
R-1695,Branded,35.724350773371526,3778265.6
R-2844,Branded,31.999999999999996,471042.0
R-2079,Branded,33.651629863151484,12356058.300000006
R-2899,Branded,34.75,763537.5
R-3165,Branded,36.66101694915254,2402400.0
R-4941,Branded,15.50018559762435,73811.0
AI-1196,Generic,26.337560071796656,128597.82
AI-0156,Generic,42.708830312630205,36895739.97
AI-0653,Generic,34.373072722921776,7915885.075
R-3026,Branded,34.20177777777778,301954.0
AI-1183,Generic,34.43693969367163,17947482.4
R-3703,Branded,37.5,49500.0
AI-1281,Generic,34.34678264819692,21396104.75
R-5100,Branded,37.499856471966105,119750.0
R-4932,Branded,9.696923540592914,1639848.0
R-4537,Branded,34.75,881254.0
AI-1150,Generic,34.412135417705805,9405020.0
R-1166,Branded,36.32894910773298,2524556.0
AI-0448,Generic,34.26476683937825,918584.5619999999
AI-0323,Generic,34.22316593641164,4305689.0
AI-0162,Generic,26.06788079470199,2108928.0
R-0786,Branded,37.51803751803752,200130.0
R-0696,Branded,35.66,6514608.0
R-2796,Branded,37.10682445581875,611208.0
AI-1394,Generic,33.93350109303358,13329985.65
R-3935,Branded,37.50353157225597,29201.625
AI-0231,Generic,32.68737373737374,262721.0
R-1927,Branded,37.5,6249.9999375
R-2212,Branded,35.56758394400337,13079572.7
R-1877,Branded,36.44186046511628,81850.0
AI-0161,Generic,22.647957935397223,2169264.9850000003
AI-0567,Generic,40.84837715726258,2432849.375
R-5066,Branded,33.17857142857143,6712200.0
R-0556,Branded,37.5,121000.0
R-4495,Branded,36.16394232400339,3296613.0
AI-0241,Generic,31.767436505929716,10694098.467499997
R-4709,Branded,20.998996779133005,320824.0
R-1787,Branded,37.5,74277.5
R-4703,Branded,32.00000000000001,51037.8
R-4648,Branded,34.25632775119617,2836575.75
R-1564,Branded,37.50116063138347,903367.0
AI-1569,Generic,34.897002288838024,1359450.0
AI-1324,Generic,34.72464057907187,137048471.845
R-1846,Branded,34.75,86019.175
AI-0950,Generic,36.39162347686243,315174.35
R-2032,Branded,28.91666666666667,10409.0
R-0277,Branded,34.75,38142.5
R-0637,Branded,37.52161403187063,128558.0
R-1354,Branded,32.000750750750754,632970.0
R-2735,Branded,31.900799999999997,1801224.0
AI-0441,Generic,28.7925,149660.0
AI-0137,Generic,26.441144407628748,11088679.075
R-0137,Branded,35.42662823528214,7663870.950000001
R-3884,Branded,35.92412123954867,1248834.75
R-5062,Branded,32.0,1090320.0
AI-0159,Generic,37.49999886826854,30412676.0
R-0743,Branded,31.905808919751134,2613411.560000001
AI-0429,Generic,32.31765792479042,7494759.68
AI-1050,Generic,33.666666666666664,96817.5
R-4929,Branded,15.441523084584716,29725690.875
AI-0929,Generic,22.666666666666668,99360.0
R-0278,Branded,32.0,15599.76
R-2540,Branded,35.61631944444445,747735.5
R-1267,Branded,34.00953465392641,9727397.309999999
R-0352,Branded,33.833564173591874,1322494.22
R-4883,Branded,20.214415338705848,1089701.6
AI-1548,Generic,32.69010167041186,646600.0
AI-1529,Generic,25.597186658321014,27200122.45
R-0245,Branded,32.91597567716971,507422.0
AI-1419,Generic,27.473684210526315,4844000.0
AI-0812,Generic,32.65529480192587,156837296.72500005
AI-1471,Generic,28.015889158874202,791701.36
AI-0792,Generic,36.62593186997922,13695378.25
AI-1046,Generic,37.45105048853827,27537149.625
R-3375,Branded,30.428571428571427,1212200.0
R-5182,Branded,35.83406267155596,3953936.6799999997
AI-0847,Generic,35.0,39187.5
R-0741,Branded,36.0,202876.3
R-1082,Branded,29.94017316017316,9387596.0
R-3844,Branded,25.0,431.25
R-2228,Branded,34.050000000000004,1773835.25
R-5099,Branded,35.65469936761804,12076185.0
R-2522,Branded,32.0,38808.0
R-0652,Branded,57.996606768570345,71573680.04091999
R-4237,Branded,37.498538011695906,58884.0
R-2119,Branded,37.101252656808214,1539588.0
R-4717,Branded,33.22222222222222,5778850.0
R-1030,Branded,27.875,343706.0
R-4880,Branded,37.5,8500.25
R-2282,Branded,27.864275780305956,1301496.0
R-1589,Branded,26.50129101328799,585141.5599999999
R-1919,Branded,28.413226700680276,8497892.7312
R-4370,Branded,34.19949006824167,298269.0
AI-0632,Generic,26.499567522846075,403650.0
R-0043,Branded,35.6701030927835,346837.0
R-0812,Branded,36.0,151737.08000000002
R-4747,Branded,31.476190476190474,2306304.0
R-0417,Branded,32.0,318516.0
AI-0480,Generic,34.95023238811422,1653198.0
AI-0552,Generic,34.98666876671317,606782.97
R-5034,Branded,20.015491866769946,154940.0
AI-0339,Generic,34.381455043945614,9739541.264999997
R-2870,Branded,32.47690851308405,653538.4
R-1523,Branded,34.078023920682334,414727.5
AI-1054,Generic,33.420878953881335,2609681.18
R-1263,Branded,33.910714285714285,2844985.0
AI-0989,Generic,37.25514253320377,433882.325
R-5292,Branded,37.52333540759179,265200.0
R-1935,Branded,32.004470938897164,74403.0
R-0517,Branded,34.7551179871855,2846646.76
R-0917,Branded,37.629624259997684,1042452.8
R-1656,Branded,31.999495077000756,41828.0
AI-0025,Generic,32.51089667630587,2361704.445
R-0963,Branded,37.48716632443532,8033.25015
R-1613,Branded,37.041486188198796,1963897.75
AI-0129,Generic,29.499833367540397,3823619.85
AI-1415,Generic,35.09997094360543,20990672.95
R-1403,Branded,32.0,27390.0
R-0978,Branded,32.04545454545455,23240.0
R-0131,Branded,37.4998435329019,4833279.0
R-3408,Branded,36.583333333333336,114180.0
AI-0922,Generic,31.66733507501451,2222174.5500000003
AI-1540,Generic,22.19065254455382,6910294.75
AI-1556,Generic,20.458229845961863,4808184.0
R-1744,Branded,32.0,112860.0
R-4539,Branded,35.47232298618226,132663.625
R-2022,Branded,34.606366770462635,92256.48000000001
R-3164,Branded,35.473684210526315,605880.0
R-1052,Branded,33.3125,1695735.0
AI-0174,Generic,34.528169697995295,6279804.33
R-1108,Branded,35.74032538578151,1448051.5
AI-0687,Generic,35.73843513026095,594511.125
R-4959,Branded,10.00021317870771,258000.0
R-4859,Branded,10.000000000000002,445192.0
AI-1019,Generic,35.066411439198276,6190995.65
R-2047,Branded,30.949713659502248,815022.6699999999
R-1657,Branded,25.556618819776713,139334.0
R-0806,Branded,32.000000000000014,6549681.600000001
AI-0557,Generic,28.65078707539354,88924.525
R-0117,Branded,32.71787324041328,1655547.625
R-0671,Branded,37.5,17503.75
AI-1538,Generic,28.288860978383983,11476010.1
R-1039,Branded,33.10043466449334,568942.75
AI-0051,Generic,32.02197920132404,23037996.435000002
R-4638,Branded,32.00000000000001,117316.32
R-1940,Branded,21.00456621004566,34980.0
R-3250,Branded,34.75,174240.0
R-4676,Branded,32.0,23760.0
R-4022,Branded,25.0,2036.25
R-4675,Branded,32.57888581101878,1663874.6800000002
AI-1473,Generic,41.20517023377403,939558.205
R-4522,Branded,32.000026377964396,2906874.0
R-2405,Branded,31.999495077000756,20914.0
AI-0280,Generic,34.747142857142855,350633.25
R-0315,Branded,35.71666666666666,15569.0
R-3729,Branded,32.001955512099734,27001.0
R-4758,Branded,35.14297016274865,956596.0
R-3167,Branded,40.144061625723374,30611.675
R-2788,Branded,34.749222600638845,127400.0
R-4645,Branded,20.99145299145299,106170.0
R-2467,Branded,47.98771409805309,271851.85
AI-0737,Generic,34.98199062233588,517216.0
R-2536,Branded,35.666315789473686,449349.25
R-5288,Branded,9.933774834437086,23240.0
R-2533,Branded,37.516666666666666,58445.5
R-2231,Branded,32.0,56760.0
AI-0791,Generic,35.175530036829414,5982361.465
R-1794,Branded,35.855162325497844,881439.8700000001
AI-1218,Generic,20.0,57600.0
AI-0356,Generic,31.833333333333332,59770.5
R-1476,Branded,34.75000000000001,45899.998980000004
AI-0897,Generic,29.25040480045719,54280.0
AI-0255,Generic,34.15879662460646,15925578.850000035
AI-0410,Generic,36.406832079168915,3958681.445
R-5311,Branded,37.57575757575757,1589.0
R-0359,Branded,33.37302582100777,734962.0
R-0317,Branded,27.401324341494405,323304.42000000004
R-3237,Branded,37.50053171125952,3620400.0
R-0800,Branded,32.0,42566.04
R-0870,Branded,37.5,69630.0
R-1834,Branded,36.68384879725086,6736.625
AI-0820,Generic,37.5,51426333.75
AI-1460,Generic,21.742161971557657,1844480.6150000005
R-1069,Branded,37.16539634146342,519259.0
R-2137,Branded,37.50024849247896,203126.375
R-0056,Branded,37.32298938898416,1752091.875
R-0040,Branded,26.4789640051042,936975.6
AI-1385,Generic,37.5,215600.0
AI-1483,Generic,37.5,12750001.0
R-2127,Branded,32.0,17820.0
R-0852,Branded,37.49784296807593,47808.0
AI-0341,Generic,26.884920634920636,25497.5
R-1409,Branded,35.66560106867857,2582779.0
R-1572,Branded,31.999268863326186,735110.75
AI-1233,Generic,37.5,3553000.0
AI-1576,Generic,35.68376740026346,2998135.0
R-4498,Branded,37.49285714285714,8387.25
AI-1605,Generic,37.49946524064171,1992711.0
AI-1297,Generic,36.28635544422336,13697898.425
R-0188,Branded,20.99975051597832,53350.0
AI-0590,Generic,34.52945612798721,2022276.8600000003
AI-1009,Generic,35.31075672111197,3615331.375
R-4334,Branded,33.62123534660848,360209.5
R-2179,Branded,34.546477519850306,479475.0
R-2852,Branded,37.50344827586207,19938.0
R-0646,Branded,37.46091307066916,115549.0
R-1658,Branded,30.94270737289059,11929024.245
R-0709,Branded,32.0,777480.0
R-0450,Branded,36.22798684691268,433499.30500000005
R-5136,Branded,10.0,120890.0
AI-1590,Generic,36.58780709736124,157161.0
AI-0389,Generic,34.19602900030384,3144699.189999999
R-1574,Branded,36.125,556056.6
AI-1393,Generic,33.07867186029337,1963978.12
AI-0556,Generic,34.829200139713585,877068.0
R-3753,Branded,34.20275862068966,97902.0
R-0244,Branded,30.427859958575763,888758.7999999999
R-1547,Branded,32.916964963662,1458987.2
R-2264,Branded,24.251572327044027,305971.2
R-4740,Branded,34.75,309925.0
R-4894,Branded,27.41978943166508,5189535.0
R-3249,Branded,33.375,390220.875
R-4985,Branded,10.0,473000.0
R-4343,Branded,32.0,25740.0
AI-0190,Generic,36.0910999509854,652803605.8199999
AI-1457,Generic,36.32644736842106,2072162.0
R-5246,Branded,37.46312684365782,258630.0
R-0344,Branded,33.350909705694924,5061069.625
R-4804,Branded,37.181994342443495,961418.725
R-2180,Branded,36.09998800012,4730153.52
R-1600,Branded,36.61182697510822,3175569.56
R-2674,Branded,32.78555976459704,736739.0
R-1831,Branded,36.130023265470975,280028.95
AI-0049,Generic,35.242338349481194,1231579.1300000004
AI-1132,Generic,35.72348484848485,1103253.6
R-1481,Branded,37.48361013986014,405772.125
AI-1392,Generic,30.724658032731824,1902903.44
R-5283,Branded,37.34412955465587,2097360.0
R-3843,Branded,25.0,7140.0
R-1838,Branded,35.01536851518306,1098729.89
AI-1544,Generic,32.906275428831904,787517.68
R-2589,Branded,34.79795446082607,6204973.0
R-4784,Branded,32.27272727272727,522900.0
AI-0837,Generic,32.085248485455644,5448079.755000001
R-2703,Branded,30.01786349093494,202151.12
R-4980,Branded,10.0,965800.0
AI-0213,Generic,33.76544731010013,248072.035
AI-0719,Generic,34.33102200353332,3042068.6
R-1887,Branded,20.000000000000004,43982.4
R-3433,Branded,35.906231317993374,2362170.02
R-0839,Branded,35.0612491373361,36154835.0
R-2730,Branded,37.499917658877195,4652502.0
R-1321,Branded,37.5,18612.0
R-0313,Branded,36.2827462913655,4341932.154999999
AI-0143,Generic,35.59325076827961,45038135.74000001
R-1541,Branded,33.29425890014125,1847364.0
R-5011,Branded,35.666666666666664,19536.0
AI-0091,Generic,32.31761119202809,5959790.684999997
AI-0095,Generic,35.43713544230912,1583706.1300000001
R-1848,Branded,37.50793314998942,6500.0
AI-0083,Generic,29.635441061670562,208565.7
AI-0406,Generic,35.146303214780446,148531250.415
R-0512,Branded,35.66601899827288,253061.0
R-4881,Branded,35.416046810459804,1991948.65
R-5215,Branded,35.91080617495713,58428.0
R-2475,Branded,37.5,2145000.0
AI-0771,Generic,34.41886206829278,87978821.60499999
R-1580,Branded,35.186608015640275,1932960.1150000002
R-1053,Branded,27.111095226131578,41293227.0
AI-0618,Generic,37.499999841967046,1740193497.0
R-4553,Branded,35.703299708317715,269579.45
R-1117,Branded,36.80232558139535,63016.05
AI-0360,Generic,29.99163449163449,28354.28
R-2761,Branded,35.5826174388674,217342.055
R-0687,Branded,29.776877687768778,235346.45
R-5036,Branded,33.833511475451814,703863.0
AI-0307,Generic,36.86570296656135,1058083.0550000002
AI-1549,Generic,32.99613300964763,5291274.875
R-0196,Branded,24.666666666666668,449108.0
AI-1031,Generic,34.237019109564876,4978331.95
R-2823,Branded,36.83050847457627,5081300.0
R-1853,Branded,29.52695746410187,133703.4
AI-0430,Generic,35.80655426247561,4791143.5
R-4781,Branded,35.666666666666664,4092.0
AI-1360,Generic,35.64945367459961,1826201.725
R-1110,Branded,33.145833333333336,9969960.0
R-4696,Branded,25.954315886134065,143970.25
R-1438,Branded,26.806018904642755,513647.675
R-1043,Branded,54.66226627028409,6445200.0
R-3630,Branded,37.50108084738435,318040.0
AI-1442,Generic,34.583333333333336,69786.55
R-5173,Branded,27.87518796992481,343998.0
R-2354,Branded,37.203112203112205,7766760.0
R-0331,Branded,37.46701846965699,3126.0
AI-0661,Generic,32.84668170884072,562127.9099999999
R-0404,Branded,34.062412652234684,721242.0
R-0826,Branded,33.65,622203.45
AI-0711,Generic,34.86054361577542,13013362.899999999
AI-0457,Generic,37.5,3027024.0
AI-0583,Generic,33.72831507629,21373402.89
R-0688,Branded,35.66966642668587,41029.750415
R-1092,Branded,33.99535523158026,24532684.24
R-3212,Branded,40.80789835662057,3249399.05
R-5301,Branded,37.51808972503618,114030.0
AI-0260,Generic,31.890920719553012,6559661.35
R-3331,Branded,37.5,893750.0
AI-0951,Generic,32.478420168196195,2206202.5
AI-0962,Generic,33.57122288443401,1438145.3050000002
R-1228,Branded,29.397757082977385,94275259.04
R-0169,Branded,36.40005116091261,15611376.169999998
AI-1349,Generic,35.89164784459346,2154354.05
R-0971,Branded,37.47440273037543,1510500.0
AI-1197,Generic,32.234720029633884,1230496.9449999996
R-0224,Branded,34.97860436347278,1280388.4
AI-0059,Generic,37.50059782868621,172500.0
R-1244,Branded,36.779446044151925,269977.125
AI-1028,Generic,35.92478206686225,39367012.447
R-2495,Branded,35.512581760613266,2919693.7800000003
R-5256,Branded,36.88915094339623,3910772.0
R-5119,Branded,10.0,726000.0
AI-0633,Generic,34.35715867577572,5264534.125
R-4520,Branded,35.666666666666664,82885.0
R-4800,Branded,32.0,178200.0
AI-0377,Generic,37.49901906929294,70086.0
R-5242,Branded,10.00005851066942,242520.0
R-2970,Branded,31.999999999999996,80521.32
R-3094,Branded,37.5,385110.0
AI-0648,Generic,34.18514523807624,1607693.28
R-0233,Branded,32.91607114115565,895565.26
R-3744,Branded,31.667983149025805,50007.5
R-1434,Branded,37.5,137637.5
R-0635,Branded,35.21705030429852,391611.2875
AI-0504,Generic,35.53223463912535,1787805.0
R-0774,Branded,37.278106508875744,143608.0
R-0212,Branded,36.38888888888889,190832.25
R-1091,Branded,35.35319367536992,28240650.355
R-3238,Branded,29.2534983853606,343835.0
R-0198,Branded,37.309703427105575,1531082.8928400003
R-2122,Branded,37.161167166621205,530707.0
AI-0044,Generic,37.48854262144821,321000.0
R-4733,Branded,37.5,45342.0
AI-0183,Generic,48.987258982417416,1214534.2000000002
R-3232,Branded,32.0,125400.0
R-0808,Branded,32.855555555555554,1227930.0
R-1432,Branded,34.83318756073858,17799516.0
R-4937,Branded,32.00000000000001,27960.24
R-1858,Branded,37.51293995859213,23246.0000625
R-3257,Branded,37.5,99000.0
R-0540,Branded,20.999253359880537,797327.0
AI-0010,Generic,20.0,23760.0
AI-0576,Generic,34.6096204018762,4565214.8
R-5037,Branded,31.55859430790823,692160.24
R-4745,Branded,30.625,693780.725
R-0194,Branded,35.473223077728896,4277448.5
R-0356,Branded,36.794962476011165,747450.25
AI-0875,Generic,34.00009563382487,1460737.1500000001
R-1300,Branded,36.36954686180692,3599707.0
R-1997,Branded,32.78513994745185,1246198.3599999999
AI-0138,Generic,37.5,846450.0
R-2380,Branded,32.45704713885223,1101782.15
R-2949,Branded,31.165827383927574,2324351.25
AI-0011,Generic,54.02128104122183,414360.0
AI-0365,Generic,23.0,206316.0
R-4737,Branded,32.0,47520.0
R-0150,Branded,26.49807178878671,1134660.0
R-2125,Branded,25.320235167120764,51823719.44
AI-0315,Generic,35.14582524323861,1438546.5
R-4255,Branded,35.055103175307394,772291.0
R-4821,Branded,10.0,17160000.0
AI-1265,Generic,33.23530161111333,6231025.300000001
AI-1532,Generic,28.68835984452778,26670721.375
R-0291,Branded,35.78125,846395.0
R-1471,Branded,36.5025161754134,1257064.0
R-2803,Branded,32.00049670930088,31890.0
R-4718,Branded,28.02122182317819,432615.275
R-4201,Branded,36.28677014042868,130790.0
AI-0725,Generic,32.59451674845317,510527.975
AI-1288,Generic,24.8163082437276,152081.0
R-0262,Branded,37.10806625641852,320637.5
AI-1034,Generic,33.23374334754874,5576165.045
AI-1389,Generic,35.09737667986166,6316026.9
R-5218,Branded,9.993714644877436,10500.0
R-0142,Branded,33.65879901427847,276411.26
AI-1193,Generic,33.87643886339853,62945143.0
R-3929,Branded,15.0,916136.0
R-2159,Branded,33.57147717438826,1278648.75
AI-0506,Generic,29.8851891293939,629340.5
AI-1459,Generic,37.50012089889353,731638.0
R-1192,Branded,37.209164677129145,4192384.0
AI-1040,Generic,34.040358023367986,165150.875
R-2815,Branded,33.57142857142857,137104.0
AI-0346,Generic,37.01691444953549,2294924.375
R-4814,Branded,12.740384615384613,68491.0
R-3736,Branded,37.499978502218,2387375.0
R-5145,Branded,30.362759779392967,1231568.44
AI-1316,Generic,36.1978180279647,2070766.5
R-1472,Branded,34.44512753254915,214179.95
R-4543,Branded,26.50014465499783,69959.64
R-0396,Branded,33.7042001958353,887547.4
AI-0337,Generic,31.867996440921548,53446200.690000005
R-1692,Branded,37.507654623392526,44910.0
R-1116,Branded,35.39372198181268,39784444.68000001
AI-0301,Generic,36.40432621710155,1238750.0
AI-0650,Generic,35.06752866507372,5667459.220000001
R-4395,Branded,36.471296296296295,33754160.0
AI-0187,Generic,33.835373094939634,43758108.64
R-1788,Branded,31.999999999999996,462448.8
AI-0102,Generic,34.66694402422658,3588776.3800000004
R-3202,Branded,32.68470794259087,986170.0
AI-0982,Generic,33.64841330052835,290644725.87
R-3036,Branded,33.37859130322247,53300.345
R-0437,Branded,35.196566703655805,38115.7
AI-0500,Generic,29.982159167450924,30620959.339999996
R-4878,Branded,10.0,63102.6
R-0057,Branded,32.254929559920775,2233301.68
R-2216,Branded,36.30872392136941,10644885.48
R-2351,Branded,30.434523809523814,45145.2
R-4535,Branded,37.5,627000.0
R-0247,Branded,33.893146052988264,5220300.2
R-4690,Branded,32.786813186813184,1032770.0
AI-0180,Generic,34.01156462585032,1936975.5
R-4778,Branded,37.50121275494804,510206.125
R-3211,Branded,37.5,220000.0
R-2362,Branded,31.969620800871986,4125148.586000002
AI-1371,Generic,35.1001774269204,2718520.075
R-3582,Branded,35.76695364519275,8003122.5
R-1356,Branded,37.501632493143525,631710.0
R-1419,Branded,34.75,161700.0
R-3051,Branded,32.3029878618114,940679.36
R-4719,Branded,37.5,8250.0
AI-0447,Generic,34.31747546194395,1004582.995
AI-0720,Generic,35.23216276477146,4304828.234999999
AI-1321,Generic,2.0017115542590616,2735454.36
R-0384,Branded,35.5000681988679,312482.0
R-2409,Branded,37.5,962500.0
R-3190,Branded,32.0,54978.0
R-5087,Branded,31.536373401035057,1443622.0
R-5129,Branded,21.0,12977250.0
AI-0854,Generic,32.87330555260975,326103.125
R-4991,Branded,15.505143193658965,12001.0
R-0428,Branded,29.937845286793134,185824.275
AI-0772,Generic,32.72842750490562,106518455.75499997
R-2720,Branded,37.07793565940367,2218662.0
R-3406,Branded,32.111111111111114,142680.0
AI-0164,Generic,36.45113029730597,287253599.70500004
AI-0508,Generic,32.27480725623583,2429208.5
R-2496,Branded,36.12473780580845,1677949.5
AI-0431,Generic,28.669191442063394,678463.3
R-1706,Branded,24.418499219032423,271793.4
AI-0910,Generic,33.24078415859416,10681046.83
AI-1440,Generic,36.01105882352941,2969122.45
R-3366,Branded,35.38336003051106,24862080.5
R-5338,Branded,37.5001375001375,125000.0
R-5308,Branded,37.505188875051886,397500.0
R-4100,Branded,37.50276243093922,24888.0
R-2250,Branded,37.49473684210526,91434.0
R-4921,Branded,23.750425942753296,1907835.0
R-4854,Branded,10.841004950208859,533560.0
R-2000,Branded,34.282158784239165,5451252.11
R-2692,Branded,37.500458093597686,150079.0
R-1086,Branded,17.824555096171128,196637.4
R-1443,Branded,29.707824637705972,986097.0
R-0755,Branded,34.060438814638125,169776.16
R-3589,Branded,32.00000000000001,83999.52
AI-0652,Generic,32.790960568272,22927729.8
R-4960,Branded,10.0,16698.0
R-2694,Branded,36.304241675970765,29239113.45
R-0307,Branded,34.07981094528869,781473.7
R-5051,Branded,30.274725274725274,62717.0
R-0761,Branded,32.845648562081436,320905.5
R-0078,Branded,33.76803053435113,15610419.5
AI-0539,Generic,34.0946790828993,128932734.9
AI-1086,Generic,32.093023255813954,11360.0
R-1023,Branded,35.93296910237872,163158.28019999998
R-3537,Branded,21.0,1815.0
AI-0366,Generic,31.447426030759352,2044133.5
AI-1550,Generic,33.46945237694612,3891953.38
R-3059,Branded,32.69047619047619,368424.0
AI-0353,Generic,32.53656440702299,14225230.570000008
AI-0818,Generic,32.00349010963609,220084.0
R-2840,Branded,35.29968102073365,588751.0
R-2827,Branded,36.4058275058275,46908.36
R-5226,Branded,26.004525294378823,985650.0
R-2009,Branded,32.68633540372671,823791.0
AI-0853,Generic,35.688267533427386,24733406.2
R-5305,Branded,21.0,242242.0
R-1542,Branded,32.060374761278524,1864018.8399999999
R-4773,Branded,36.76667011351222,26283381.0
AI-1368,Generic,35.43830456407255,187992.75
R-4940,Branded,10.00160743732886,6081198.6
R-4381,Branded,37.5,544500.0
R-0919,Branded,33.77521069456552,1222330.5
R-4548,Branded,29.8,255244.0
R-2258,Branded,36.532566015506944,81435185.97
R-0509,Branded,24.664385235883646,106650.36
R-1241,Branded,34.75,533500.0
R-2468,Branded,26.644107105207684,2154448.0
R-0546,Branded,20.99808950384994,20900.0
AI-1018,Generic,34.736542538275515,20784339.105000008
AI-0242,Generic,30.611634482918937,12095309.069999997
R-1509,Branded,33.3969845655582,1918691.9500000002
R-0691,Branded,37.49782898164766,118750.0
R-5225,Branded,21.0,223850.0
R-1470,Branded,31.901052319549432,857737.8400000001
AI-0999,Generic,23.67472163749555,68361014.67999999
R-0481,Branded,36.04097825339722,16913525.67
R-2357,Branded,37.501352838028865,574185.0
R-5291,Branded,36.598072562358276,1267232.6
AI-0120,Generic,25.658199312336976,114411616.60500003
R-1073,Branded,35.60871808797673,280314.085
R-2821,Branded,37.32627877237852,1996775.5
AI-0099,Generic,34.45151024650618,66676068.6
AI-1266,Generic,31.095567069660326,1391267.4300000002
R-1823,Branded,36.74256602884591,257499.15000000002
AI-0272,Generic,37.32754445724495,32710508.5
AI-0670,Generic,33.52665448478589,204002.0
AI-1032,Generic,34.56942056102015,938080.275
R-2195,Branded,34.74264705882353,46584.0
R-0175,Branded,31.999999999999996,22302720.0
R-4691,Branded,35.684145091565526,2238582.4250000003
R-1615,Branded,31.871137715360113,1513438.75
R-4986,Branded,12.75,40702750.0
R-0802,Branded,33.80707892416479,5036228.9350000005
R-0686,Branded,31.897926634768737,12405.0
R-1733,Branded,31.643392961846622,1174714.74
R-4939,Branded,10.0,75900.0
R-3941,Branded,35.55831842028787,2246130.6
R-3821,Branded,37.5,6875.0
AI-1384,Generic,37.500222978698105,39788890.625
AI-0439,Generic,28.62944466466005,2505763.575
R-5199,Branded,36.04447423819276,446026.0
AI-1578,Generic,10.519699626186771,1154040.0
R-0967,Branded,9.43173695693497,432217.2950000005
AI-1061,Generic,9.183934331138543,24480000.0
R-2754,Branded,77.17899781842058,167466393.82143986
R-1971,Branded,32.0,26400.0
AI-1118,Generic,33.152492668621704,236704.0
R-1963,Branded,35.928342321384484,811310.4400000001
R-1538,Branded,33.972809935073265,7741568.1
R-0147,Branded,35.598540123456786,307605.20303250005
AI-0626,Generic,32.316326530612244,171972.0
AI-0858,Generic,34.369267219495704,14429788.02
R-0176,Branded,31.630870250729856,4873789.7540000025
AI-1230,Generic,34.0,73083.59999999999
AI-1398,Generic,32.36710595912994,7103422.41
R-4967,Branded,37.4999174999175,624999.0
AI-1475,Generic,32.93092135251796,11205265.190000001
R-1849,Branded,33.37473512865349,1357840.0
R-3069,Branded,37.504273504273506,60330.0
R-4604,Branded,34.75,4821509.88
R-0266,Branded,34.20014800683486,786541.2
AI-1151,Generic,35.077064407471674,1894840.125
AI-1610,Generic,37.5,178200.0
AI-1527,Generic,30.982417880384574,69016326.08999999
R-0168,Branded,34.929604226548285,22598567.84
R-0994,Branded,37.5,166249.875
R-4494,Branded,35.92827353802755,565815.09
R-3269,Branded,35.211937765205086,20264235.42
AI-0202,Generic,31.644417656071454,8890075.98
AI-0224,Generic,20.0,83400.0
R-5271,Branded,37.135606234145236,3431803.625
R-5098,Branded,20.0053011728845,181100.0
R-1070,Branded,36.547452547452544,5502684.68
AI-1606,Generic,37.5,432575.0
R-1156,Branded,37.5,23100.0
R-1637,Branded,33.69385501953085,771477.575
AI-0409,Generic,35.79433333333334,2140031.0
R-5255,Branded,36.46063162448628,677643.5
R-2966,Branded,36.69006608910044,1637962.0
R-0805,Branded,32.004219409282705,43799.0
R-1429,Branded,33.833276372750056,1375951.0
AI-0777,Generic,34.924634084164566,22393069.810000002
R-2133,Branded,37.499761900226666,72186.0
AI-1530,Generic,35.132538782126566,19402502.0
R-1679,Branded,21.0,10120.0
R-1202,Branded,36.66151815313078,3802548.049999999
R-2760,Branded,35.9506296985405,335329.30000000005
R-0602,Branded,36.7732640791779,3482986.395
AI-0176,Generic,29.970588235294116,255503.48
R-1001,Branded,36.30585794482211,64363117.0
AI-0485,Generic,34.27540130929966,1239560.95
R-3623,Branded,26.0170138105622,106358.05
R-1672,Branded,36.50407187402936,50110218.12
R-1442,Branded,35.125997957323605,9007901.72
R-0534,Branded,32.2340600216609,3674138.0
AI-0163,Generic,37.5,19499998.375
AI-1420,Generic,34.17874396135266,52935.0
R-1063,Branded,36.38915397563853,330604.575
AI-0054,Generic,32.000620522367015,748792.0
R-0129,Branded,33.09905567050909,1800606.0
R-4865,Branded,26.48933782267116,28818.225
AI-1264,Generic,36.837636387293436,548453.365
R-4706,Branded,37.5,321750.0
AI-0214,Generic,32.813866124385,22377509.454999994
AI-1101,Generic,34.66682179725842,486045.125
R-0463,Branded,35.66682156133829,175173.0
R-3049,Branded,26.089285714285715,2755198.5
R-2166,Branded,37.49861033907727,4452480.0
R-2508,Branded,33.13482972136222,405907.0
R-1200,Branded,34.572769599764506,5396760.46
AI-1348,Generic,33.61764705882353,346390.0
AI-0345,Generic,37.50169185653056,874414.5
R-0251,Branded,36.33092476532061,18394824.75
R-3143,Branded,37.5,273054.375
AI-0996,Generic,30.132463408791708,388422.475
R-0478,Branded,29.251355013550135,301045.5
R-1540,Branded,34.75921658986175,67607.99952
R-0973,Branded,36.885521252459945,1757736.0
R-1576,Branded,31.999999999999996,225350.4
AI-0695,Generic,33.03588363649175,15693322.25
R-4220,Branded,37.49990469292059,1623042.0
R-1249,Branded,35.32282636738906,17050733.5
R-2767,Branded,33.987317707079974,219701.725
R-5197,Branded,32.0,238260.0
AI-0115,Generic,20.625,478963.275
AI-0907,Generic,34.58364553674009,269423.0
R-4614,Branded,27.554755675143916,2398949.3
R-0380,Branded,36.45870498552589,74991.27275999999
AI-1283,Generic,36.75724835443096,6031642.140000001
R-4850,Branded,17.550015675817985,96543.5
R-2946,Branded,35.194991789819376,142015.5
AI-0722,Generic,36.27560710573562,15857543.0
AI-0211,Generic,28.125,1641250.0
R-0961,Branded,37.45794785534062,4955.000075
AI-1543,Generic,27.762358630408265,4402604.0
R-2677,Branded,21.0,24200.0
R-1174,Branded,33.833333333333336,522348.75
R-2941,Branded,30.166666666666668,959706.0
R-5236,Branded,35.850267379679146,43098.0
AI-1565,Generic,29.573324701427957,1985829.62
R-0877,Branded,32.4690973420569,4030968.875
R-1491,Branded,35.55882352941177,1334300.0
AI-0265,Generic,27.1875974025974,2191614.0
R-5181,Branded,34.74685170907222,125832.0
R-3395,Branded,28.221262002743483,144685.375
R-1565,Branded,35.70734843075076,2101149.5
R-1492,Branded,37.17675528083199,1005799.75
R-2879,Branded,37.51078515962036,95625.0
AI-1220,Generic,26.18385691485895,1043935.2200000003
R-0451,Branded,36.23160691470008,2290037.0
R-1772,Branded,27.00191570881226,116929.5
R-4982,Branded,12.5,30305000.0
R-0448,Branded,28.167447661677627,82035.11
R-1176,Branded,33.27708837772397,21603.1365975
AI-1584,Generic,37.44493392070485,7488.0
R-1122,Branded,36.85570946421447,686838.5
AI-1593,Generic,36.98851853725154,687334.0
R-3339,Branded,36.58313272517386,1126161.125
R-0462,Branded,37.500683819909185,75404.0
R-4686,Branded,37.49735264844087,408546.75
R-0792,Branded,32.641940216394644,1252377.45
R-2907,Branded,36.39909143630389,631615.0
R-4961,Branded,14.1439205955335,1903.0
R-4771,Branded,34.75,148813.555
R-2449,Branded,36.46875,12249.6
R-5041,Branded,21.0,11979000.0
R-0223,Branded,34.34537667698659,3329484.775
R-4931,Branded,25.006795324816526,52681.0
AI-0068,Generic,41.22808742468003,28641451.340000004
R-4812,Branded,37.496180873816066,300021.25
R-1216,Branded,32.240089686098656,2987104.0
AI-0354,Generic,33.03168259723137,708160.7250000001
AI-0664,Generic,26.97217177430567,1461638.7
AI-1152,Generic,34.431047669719135,6519238.125
AI-0659,Generic,35.61204013377927,22625.4
R-0206,Branded,31.74025974025974,45565.2
R-0757,Branded,26.272110180995476,154287.27263999998
R-2645,Branded,37.495600140795496,15625.0
R-1521,Branded,35.62052172868683,6248540.0
AI-0188,Generic,34.27756001959823,123804645.0
AI-1390,Generic,32.755997094141634,1266169.1749999998
R-0886,Branded,37.5,172425.0
AI-1409,Generic,34.444984067882295,23134584.646500006
R-0878,Branded,29.38181439866833,518279.75
R-1817,Branded,37.46305418719212,10882.5
AI-0710,Generic,32.41617250673855,1149446.65
R-2807,Branded,32.0,138600.0
AI-0408,Generic,33.610814629726455,867285.0900000001
R-2873,Branded,30.89862947923333,167611.25
R-2075,Branded,31.999999999999996,2519.999856
AI-1361,Generic,36.922570854075964,2864356.7249999996
AI-0617,Generic,36.588276646608286,6054482.9
AI-0060,Generic,37.17643325797598,1814669.625
R-1019,Branded,37.83783783783784,6426.0
R-0554,Branded,24.903225806451612,349206.0
R-2447,Branded,38.88888888888889,5675.0
R-2963,Branded,32.29967793880837,425591.0
R-5179,Branded,21.0,8470000.0
R-3931,Branded,36.40119137602131,782057.0
R-5131,Branded,21.0,3527150.0
R-4818,Branded,21.0,2150500.0
R-4864,Branded,10.0,13700.5
AI-1184,Generic,34.76526539085059,4920702.75
AI-1194,Generic,32.61538461538461,392579.2499999999
R-3585,Branded,29.250015827967882,1878163.0
AI-0293,Generic,35.929745921490756,27243183.79
AI-0565,Generic,37.119739345889265,23498515.325
R-2486,Branded,114.77551020408164,1235764.0
R-0876,Branded,32.03703703703703,77238.0
AI-1539,Generic,31.47268740031898,3299915.625
R-2647,Branded,37.5,29562.5
R-0001,Branded,34.8519298245614,16705638.0
R-2616,Branded,37.176482138009405,5331759.45
R-1120,Branded,33.36614331723028,62503.21000000001
R-2465,Branded,37.423312883435585,5824.0
AI-1135,Generic,37.5,52503.0
AI-1598,Generic,36.82747489239598,315022.0
R-2197,Branded,32.0,10197.0
AI-0704,Generic,35.14241083214946,115998.0
R-2673,Branded,37.498472193929516,33749.0
R-2675,Branded,35.29928880643166,535830.1699999999
R-2164,Branded,33.964285714285715,9440200.0
R-2427,Branded,36.12482502933107,2076114.375
R-4420,Branded,36.583333333333336,479916.25
R-3524,Branded,33.0987406532861,99508.225
R-2415,Branded,35.07773873185638,3542100.795
R-4058,Branded,25.0,10995.0
AI-1237,Generic,23.006605850896516,258403.80000000005
R-4295,Branded,32.00177362141245,32747.0
R-5000,Branded,10.000057617626386,572741.7
AI-1205,Generic,34.23076923076923,78533.0
R-5128,Branded,10.000040857304715,1890000.0
R-0141,Branded,36.96556785687086,1286844.0
R-2333,Branded,32.00000000000001,47640.12
R-4593,Branded,28.335027198744992,398467.0
AI-0076,Generic,36.40044345282132,232535.25
AI-1017,Generic,34.96574858632713,14970637.829999998
R-4501,Branded,29.591642924976256,329170.0
AI-0715,Generic,35.528251843740144,3478936.075
R-2547,Branded,27.88844621513944,377755.0
AI-0428,Generic,9.016669764999689,2973182.2
R-4347,Branded,37.02785102623352,203776.085
R-2618,Branded,33.67815839374841,113000.28
AI-0793,Generic,37.49980694980695,1049123.0
R-4647,Branded,35.68015162245932,81059.0
R-0581,Branded,37.5,1846350.0
AI-1122,Generic,36.085805422647525,2484928.0
AI-1403,Generic,33.87085598868731,46072777.63999999
R-4705,Branded,37.5,35750.0
R-0190,Branded,29.25000943948347,273849.75
R-1302,Branded,32.234553775743706,462295.12
AI-0263,Generic,30.25901345219684,3761559.3900000006
R-2314,Branded,36.12408361800785,5000072.85
R-5321,Branded,36.67049368541906,839328.0
R-2478,Branded,37.5,2002.5002250000002
AI-0364,Generic,21.875,164407.0
R-0693,Branded,32.64102564102564,219745.2
R-1293,Branded,34.77289377289378,43848.8
R-2602,Branded,37.5,222750.0
R-1480,Branded,35.69757177491189,10058994.211839993
R-1498,Branded,37.303011935844836,252273.0
R-4796,Branded,36.85814681127214,47498.0
R-3105,Branded,37.50121065375303,170364.0
AI-1315,Generic,15.647085330001925,287186.0
R-0128,Branded,32.916375441740584,3597054.3200000003
AI-0052,Generic,26.383009435871784,32082267.720000003
R-1336,Branded,31.999999999999996,486010.8
R-2783,Branded,37.16196733019071,5351882.75
R-2601,Branded,37.5,160875.0
R-0529,Branded,31.970768667307606,124578.94
AI-1035,Generic,15.504106317281051,15536959.620000016
AI-0598,Generic,33.39326319507318,411925.805
R-2378,Branded,33.45884699384977,7412236.500000001
R-4816,Branded,37.50305548765583,22501.0
R-0309,Branded,32.0,54014.4
AI-0399,Generic,33.778250658782355,1938561.0299999998
R-3155,Branded,21.004709576138147,123328.0
R-0742,Branded,36.13149033141493,28652909.0
R-0038,Branded,35.52777777777778,24868305.0
AI-1572,Generic,34.83144117426628,56692682.16
AI-1480,Generic,16.999992541821733,6274990.4
R-2374,Branded,31.99942182536673,577466.0
R-1410,Branded,37.501896525565165,72501.5
R-1616,Branded,29.25,11891.0
AI-1228,Generic,34.75,7842.45
AI-1217,Generic,29.0,56285.28
R-3885,Branded,36.53267488113664,308700.37790625
R-4550,Branded,32.0,46560.36
AI-0027,Generic,35.05328212923468,43090557.879999995
R-4910,Branded,23.072012835057127,9049329.684999997
R-3116,Branded,31.163333069807894,616581.5
R-1338,Branded,37.50027606616754,1654328.0
R-2580,Branded,29.918163334462896,33064.295
R-0354,Branded,37.5,264935.0
R-3752,Branded,37.5,88000.0
AI-0727,Generic,36.08184344889822,5780652.66
R-1583,Branded,35.175622542595015,19295.999141999997
AI-0942,Generic,33.375,120340.0
R-1869,Branded,35.53131991051454,45549130.0
R-0475,Branded,34.906645776210986,184643.0
R-4783,Branded,36.245098039215684,50353.0
R-3832,Branded,25.0,11562.5
R-0748,Branded,25.0,1732.5
R-1824,Branded,37.54222972972974,6279.75295
AI-1320,Generic,15.58824054972927,18462206.96
R-0641,Branded,32.00020454080589,1858605.8399999999
AI-1104,Generic,29.912028500890653,85440.0
R-2874,Branded,37.5,195937.5
AI-1462,Generic,37.49966667999947,18534687.5
R-2309,Branded,35.95914205745979,1319505.925
R-0123,Branded,35.50384282108277,2393721.64
AI-0758,Generic,20.34293672793821,230327.24999999988
R-3108,Branded,37.50022062587147,623228.0
AI-0952,Generic,37.5,430782.0
R-1933,Branded,30.89613103230526,1114410.0
R-4540,Branded,33.03125,1388970.0
R-4819,Branded,10.0,1801800.0
AI-1241,Generic,35.167152706236486,28688658.25
R-0438,Branded,37.5,74.25
R-1133,Branded,9.999999999999996,1861.1999999999998
R-2084,Branded,35.58766544052297,642183.83
R-0692,Branded,32.45694444444444,200895.0
AI-1188,Generic,33.70609119941861,8722594.4
R-4919,Branded,32.5,35370.5
R-3702,Branded,37.5,89375.0
R-0159,Branded,37.5,593656.25
R-1390,Branded,35.684334182860795,30303561.75
AI-0781,Generic,28.241272881902407,3108636.425
AI-1551,Generic,35.59615384615385,3949110.0
AI-1461,Generic,25.96917035927521,22239705.0
R-4658,Branded,37.52363693665301,114373.25
AI-1089,Generic,23.995204603580568,241603.86
AI-1269,Generic,33.22991976708073,2206428.76
R-0754,Branded,32.085971140945475,2269371.5700000003
R-2049,Branded,37.503295544423935,10431.0
R-0719,Branded,31.312415978320747,3706313.49
R-4793,Branded,36.37755102040816,47489.80500000001
R-2804,Branded,32.00083281282532,38040.0
R-2450,Branded,34.93478002838343,57802.6862
R-0476,Branded,33.54488453892032,164103.0
R-2307,Branded,35.6664592156327,92498.8
AI-1570,Generic,35.22740312208652,120453232.95
R-3322,Branded,37.500119957583,1175238.0
AI-0336,Generic,33.16187468467661,61263995.35
R-2954,Branded,31.99882669274016,49391.28
AI-0270,Generic,37.5,27225.0
R-5185,Branded,10.165960451977396,41209.4
R-1064,Branded,36.77214377406931,44247.750099
R-0375,Branded,37.5,28749.9999875
R-1781,Branded,33.54582776067658,2035699.8049999997
R-0406,Branded,31.792222332299794,9164773.76
R-0532,Branded,31.175622775800708,769327.0
R-2920,Branded,32.36777283612727,385098.7
R-1728,Branded,35.889830508474574,5976780.0
R-4388,Branded,29.664929412098058,6261163.564999993
R-1545,Branded,31.997289827913598,95980.0
R-0028,Branded,32.78472121300199,279136.5
R-3004,Branded,37.49425837320574,344836.5
R-5101,Branded,32.0,132000.0
AI-0449,Generic,35.35000801203879,10286741.175
R-2391,Branded,36.19736842105263,8669100.0
R-4372,Branded,36.07438779310318,2638353.085
AI-1060,Generic,46.56697939140886,5522771.025
R-5172,Branded,10.0,881100.0
R-1677,Branded,36.14874345781373,3805874.4000000004
R-5257,Branded,34.15023641451483,6725792.0
R-2511,Branded,34.74031944556547,14395123.835
R-3187,Branded,34.75288756187632,34300.0
AI-0118,Generic,32.70967741935484,74329.92000000001
R-3403,Branded,25.0,15000.0
AI-0127,Generic,37.38549563359346,7335306.125
R-4822,Branded,10.0,5989500.0
R-1046,Branded,30.16744968138157,1772747.5999999999
AI-0530,Generic,35.27236856938871,3340769.5500000007
R-0252,Branded,36.2399826727312,4048410.5
R-1913,Branded,32.25276788116833,4439647.520000001
R-2163,Branded,19.36111111111111,2088000.0
R-1049,Branded,34.75,28787.989999999998
R-2244,Branded,32.55,815787.5
AI-1275,Generic,34.886328065719226,3287235.385
R-2389,Branded,36.63446301281962,2899871.25
R-0857,Branded,37.04162668620307,4611000.0
R-2492,Branded,34.59982993197279,7564809.1
AI-1379,Generic,33.88396004422102,45780625.699999996
R-0379,Branded,34.75,92345.0
R-5186,Branded,10.555555555555555,10320.0
AI-0195,Generic,32.211147310479724,6655877.18
R-1830,Branded,35.68992248062015,98790.0
AI-0641,Generic,21.052631578947366,1035.0
AI-0582,Generic,35.319542642509944,4467324.0
AI-0067,Generic,37.94712329764113,40733446.539999984
AI-0109,Generic,35.947694332630924,1260362.0
R-4666,Branded,33.203242481203006,2884071.0
AI-0484,Generic,35.74993996330225,155261542.75
AI-1169,Generic,33.70813041522441,2080631.0500000003
R-2882,Branded,37.5,26125.0
R-3726,Branded,37.500144300144306,62370.0
R-2280,Branded,35.27218067065816,9673166.0
AI-0954,Generic,37.5,93225.0
AI-0879,Generic,37.50084497996553,127094.5
AI-0314,Generic,37.5,591736.75
R-2007,Branded,36.80805176132279,646086.5
AI-0717,Generic,33.20357334406005,6761922.875
R-1922,Branded,34.2,113366.0
R-3158,Branded,37.5,534600.0
AI-0393,Generic,34.29682121258226,8764688.125
R-0346,Branded,37.49942145700268,148678.0
R-2805,Branded,32.41490876287927,1905577.625
AI-0651,Generic,32.05556452556522,22029197.14
R-3194,Branded,33.07589075688391,516804.01
AI-0479,Generic,34.120431636214796,16878356.0
AI-1138,Generic,35.16544280143625,20748079.9
R-4777,Branded,28.59464244468316,1381713.3200000003
R-2037,Branded,31.999999999999996,55878.24
AI-0208,Generic,31.99999999999999,84511.68
R-0740,Branded,37.5,93500.0
R-2085,Branded,32.72194035074922,401081.125
AI-1014,Generic,42.560402530659815,6126526.5
R-5035,Branded,37.24137931034483,21094.0
R-4918,Branded,10.0,133210.0
R-0355,Branded,37.312190689246165,1172105.0
R-2160,Branded,35.20768196448343,4937136.2
R-1775,Branded,34.357257961366024,2819583.0
R-2531,Branded,44.95859406204234,201040.44
R-4714,Branded,24.0,235200.0
AI-0672,Generic,30.099129225002052,13839070.365000013
R-0680,Branded,34.20049759102757,757638.0
AI-0811,Generic,34.442613122225964,29175154.675
R-4946,Branded,33.833333333333336,2469225.0
R-2373,Branded,32.66277948800436,6168084.25
AI-0654,Generic,35.547850943356366,29463158.275000002
AI-1346,Generic,32.96837281554967,2712679.075
R-3749,Branded,35.850428214906245,1886001.0
R-0276,Branded,32.0,37620.0
R-0101,Branded,37.00065335075602,202724.5
R-0387,Branded,32.0,41085.0
R-4625,Branded,35.894579428182254,1079755.445
R-1431,Branded,35.02434627018701,16712597.035
R-2639,Branded,37.5000418596396,4927182.0
R-0775,Branded,36.04624961388064,1615995.0
R-4563,Branded,37.5,150700.0
R-2016,Branded,37.50295718003312,491249.99955
R-1740,Branded,32.0,158400.0
R-3070,Branded,28.80971605415371,99720860.38
R-4683,Branded,33.218253968253975,69230.45
AI-0271,Generic,35.90989713789211,817429.625
R-1033,Branded,37.49996429847157,1294070.0
R-1322,Branded,-11.556118011928424,333654.54480000003
R-1903,Branded,37.499999999999986,36438.7505625
R-0274,Branded,32.686889097744356,7063825.6
R-0094,Branded,34.80460878783854,10012268.375
R-5221,Branded,35.98076923076923,39762.0
R-3936,Branded,36.05396348608929,3328905.7199999997
R-0338,Branded,33.56920718613355,770058.71
AI-0669,Generic,29.328605929054714,2706885.0
R-1118,Branded,35.44619666048238,57350.8
R-0263,Branded,35.02946485001133,1136871.38
R-4716,Branded,37.5,293906.25
R-4513,Branded,32.38634026322298,203870.0
AI-1531,Generic,36.7592677945473,2210857.0
R-2221,Branded,36.464191976003,1270984.0
R-0606,Branded,31.99999999999999,25919.999952
