kd_obat,product_type,avg_margin_pct,total_revenue,revenue_volume,txn_count,transaction_type,txn_count_by_channel,revenue_by_channel
AI-0634,Generic,4.695444371516999,37545354.0,37545354.0,27,Inpatient,172,222896962.75
AI-0634,Generic,4.695444371516999,37545354.0,37545354.0,27,Outpatient,1,1115345.0
AI-0982,Generic,9.8039635259746,35813224.49999999,35813224.49999999,52,Inpatient,201,25816222.825000003
AI-0982,Generic,9.8039635259746,35813224.49999999,35813224.49999999,52,Outpatient,581,263929925.44499993
AI-0982,Generic,9.8039635259746,35813224.49999999,35813224.49999999,52,Unknown,6,898577.6
AI-1061,Generic,8.580715213364654,19890000.0,19890000.0,5,Inpatient,6,24480000.0
AI-1325,Generic,1.9999999999999944,14836365.12,14836365.12,4,Inpatient,11,51069147.56
AI-1325,Generic,1.9999999999999944,14836365.12,14836365.12,4,Outpatient,58,285189134.56
AI-0789,Generic,9.519446446617176,14518818.5,14518818.5,50,Inpatient,99,13811296.45
AI-0789,Generic,9.519446446617176,14518818.5,14518818.5,50,Outpatient,457,97513297.62
AI-0165,Generic,2.0000280500049032,11127273.84,11127273.84,3,Inpatient,37,182309997.375
AI-0165,Generic,2.0000280500049032,11127273.84,11127273.84,3,Outpatient,104,518185768.7149999
AI-1035,Generic,8.376706155831643,8565091.599999934,8565091.599999934,473,Inpatient,813,15479994.244999925
AI-1035,Generic,8.376706155831643,8565091.599999934,8565091.599999934,473,Outpatient,3,35572.375
AI-1035,Generic,8.376706155831643,8565091.599999934,8565091.599999934,473,Unknown,2,21393.0
AI-0164,Generic,1.999999999999994,6676363.08,6676363.08,3,Inpatient,37,83120245.625
AI-0164,Generic,1.999999999999994,6676363.08,6676363.08,3,Outpatient,96,204133354.08000004
AI-1320,Generic,2.000000000000003,6147588.96,6147588.96,6,Outpatient,17,18462206.96
R-0701,Branded,2.0,5668650.0,5668650.0,3,Outpatient,43,101227576.0
AI-1324,Generic,1.9999999999999942,4450908.72,4450908.72,4,Inpatient,11,19578086.735
AI-1324,Generic,1.9999999999999942,4450908.72,4450908.72,4,Outpatient,58,117470385.11
AI-1289,Generic,-11.692000000000007,3444012.0,3444012.0,7,Outpatient,63,59329963.875
AI-0958,Generic,-0.668261935333252,3435338.4,3435338.4,26,Inpatient,1124,18339023.00000003
AI-0958,Generic,-0.668261935333252,3435338.4,3435338.4,26,Outpatient,2792,364941348.65000004
AI-0958,Generic,-0.668261935333252,3435338.4,3435338.4,26,Unknown,14,994945.0
AI-0197,Generic,5.1201595707013015,3340911.0,3340911.0,5,Inpatient,15,11724666.0
AI-0197,Generic,5.1201595707013015,3340911.0,3340911.0,5,Outpatient,5,4011253.5
R-4929,Branded,6.990377355516285,3325997.999999999,3325997.999999999,74,Inpatient,235,8839203.5
R-4929,Branded,6.990377355516285,3325997.999999999,3325997.999999999,74,Outpatient,237,18400822.375
R-4929,Branded,6.990377355516285,3325997.999999999,3325997.999999999,74,Unknown,27,2485665.0
AI-1300,Generic,2.000000000000004,3115520.64,3115520.64,1,Inpatient,10,40211964.64
AI-1300,Generic,2.000000000000004,3115520.64,3115520.64,1,Unknown,1,3618626.0
R-0617,Branded,8.118811881188103,2795520.0,2795520.0,97,Inpatient,2978,96024763.25
R-0617,Branded,8.118811881188103,2795520.0,2795520.0,97,Outpatient,12,175916.0
R-0617,Branded,8.118811881188103,2795520.0,2795520.0,97,Unknown,20,444416.0
R-5144,Branded,9.99524457515766,2742713.5,2742713.5,66,Inpatient,33,445090.0
R-5144,Branded,9.99524457515766,2742713.5,2742713.5,66,Outpatient,135,4572062.5
R-5144,Branded,9.99524457515766,2742713.5,2742713.5,66,Unknown,19,425680.0
AI-1321,Generic,2.0017115542590616,2735454.36,2735454.36,1,Outpatient,1,2735454.36
AI-1480,Generic,1.9999999999999967,2735252.4,2735252.4,1,Outpatient,2,6274990.4
R-4910,Branded,9.712988157274529,2717745.0,2717745.0,622,Inpatient,304,1313957.6999999997
R-4910,Branded,9.712988157274529,2717745.0,2717745.0,622,Outpatient,1444,7583053.985000002
R-4910,Branded,9.712988157274529,2717745.0,2717745.0,622,Unknown,31,152318.0
AI-0353,Generic,9.002895874399869,2105658.399999998,2105658.399999998,230,Inpatient,585,4011628.2399999993
AI-0353,Generic,9.002895874399869,2105658.399999998,2105658.399999998,230,Outpatient,1234,9142152.330000017
AI-0353,Generic,9.002895874399869,2105658.399999998,2105658.399999998,230,Unknown,146,1071450.0
AI-1187,Generic,9.83477733898948,1874868.5999999992,1874868.5999999992,121,Inpatient,11932,237995202.68499988
AI-1187,Generic,9.83477733898948,1874868.5999999992,1874868.5999999992,121,Outpatient,152,2150766.6799999997
AI-1187,Generic,9.83477733898948,1874868.5999999992,1874868.5999999992,121,Unknown,80,1460004.0
R-1561,Branded,8.118811881188112,1485120.0,1485120.0,50,Inpatient,681,22274598.5
R-1561,Branded,8.118811881188112,1485120.0,1485120.0,50,Outpatient,11,342752.0
R-1561,Branded,8.118811881188112,1485120.0,1485120.0,50,Unknown,29,382077.5
R-2431,Branded,5.683636363636354,1470587.8000000003,1470587.8000000003,11,Inpatient,1,158125.0
R-2431,Branded,5.683636363636354,1470587.8000000003,1470587.8000000003,11,Outpatient,188,31715620.30000001
R-2431,Branded,5.683636363636354,1470587.8000000003,1470587.8000000003,11,Unknown,38,6662775.5
R-4926,Branded,9.935996665872821,1288143.5999999999,1288143.5999999999,247,Inpatient,134,114596.4
R-4926,Branded,9.935996665872821,1288143.5999999999,1288143.5999999999,247,Outpatient,369,3007501.4000000004
R-4926,Branded,9.935996665872821,1288143.5999999999,1288143.5999999999,247,Unknown,2,4860.0
R-0038,Branded,2.0,1178100.0,1178100.0,1,Inpatient,18,24868305.0
R-4885,Branded,-8.332987415509573,1112984.0999999999,1112984.0999999999,12,Inpatient,45,6242985.1
R-4885,Branded,-8.332987415509573,1112984.0999999999,1112984.0999999999,12,Outpatient,1,41806.0
AI-0120,Generic,-20.04551570286532,1087945.2,1087945.2,10,Inpatient,307,3829995.8999999985
AI-0120,Generic,-20.04551570286532,1087945.2,1087945.2,10,Outpatient,1046,108365070.70500001
AI-0120,Generic,-20.04551570286532,1087945.2,1087945.2,10,Unknown,27,2216550.0
R-4932,Branded,-1.4546146891106222,1063800.0,1063800.0,4,Outpatient,6,1639848.0
R-5128,Branded,9.999937142893062,1050000.0,1050000.0,3,Outpatient,5,1890000.0
AI-1578,Generic,9.993714644877437,1039500.0,1039500.0,36,Inpatient,4,21000.0
AI-1578,Generic,9.993714644877437,1039500.0,1039500.0,36,Outpatient,34,1133040.0
R-1919,Branded,-2.2077918367346907,1035032.7312,1035032.7312,1,Outpatient,8,8497892.7312
AI-1036,Generic,-8.382487562189091,1005963.9999999981,1005963.9999999981,201,Inpatient,3896,21953133.959999945
AI-1036,Generic,-8.382487562189091,1005963.9999999981,1005963.9999999981,201,Outpatient,77,232989.34
AI-1036,Generic,-8.382487562189091,1005963.9999999981,1005963.9999999981,201,Unknown,67,177536.0
R-1416,Branded,4.471524966261801,851547.3999999999,851547.3999999999,4,Inpatient,54,14353999.6
R-1416,Branded,4.471524966261801,851547.3999999999,851547.3999999999,4,Unknown,2,203776.0
AI-0811,Generic,8.426781486370395,827981.6,827981.6,4,Inpatient,132,29175154.674999997
AI-0914,Generic,9.938394924928074,809546.7,809546.7,6,Inpatient,2,300001.2
AI-0914,Generic,9.938394924928074,809546.7,809546.7,6,Outpatient,44,6775377.614999999
AI-0914,Generic,9.938394924928074,809546.7,809546.7,6,Unknown,2,319602.0
AI-0428,Generic,-14.949966505003353,773182.2,773182.2,1,Outpatient,3,2973182.2
AI-1561,Generic,9.970674486803528,721500.0,721500.0,37,Inpatient,18,99576.0
AI-1561,Generic,9.970674486803528,721500.0,721500.0,37,Outpatient,80,3538249.92
AI-1561,Generic,9.970674486803528,721500.0,721500.0,37,Unknown,1,49500.0
AI-1319,Generic,4.995688175922425,715908.9,715908.9,1,Outpatient,5,3906919.8
AI-0425,Generic,-5.560779820958951,704000.0,704000.0,2,Inpatient,10,3808416.25
AI-0425,Generic,-5.560779820958951,704000.0,704000.0,2,Outpatient,5,1952087.75
AI-0052,Generic,0.4081632653061185,673056.0,673056.0,19,Inpatient,124,438478.97500000003
AI-0052,Generic,0.4081632653061185,673056.0,673056.0,19,Outpatient,1066,31382730.744999997
AI-0052,Generic,0.4081632653061185,673056.0,673056.0,19,Unknown,18,261058.0
R-3049,Branded,2.857142857142857,648000.0,648000.0,1,Inpatient,1,328762.5
R-3049,Branded,2.857142857142857,648000.0,648000.0,1,Outpatient,3,2426436.0
AI-1174,Generic,7.27603603603604,633998.0,633998.0,37,Inpatient,794,4091789.775000005
AI-1174,Generic,7.27603603603604,633998.0,633998.0,37,Outpatient,2087,56271670.6
AI-1174,Generic,7.27603603603604,633998.0,633998.0,37,Unknown,41,495451.0
R-5203,Branded,9.982847341337905,596316.0,596316.0,11,Inpatient,2,12984.0
R-5203,Branded,9.982847341337905,596316.0,596316.0,11,Outpatient,76,3792516.0
R-4921,Branded,9.999999999999996,581064.0,581064.0,1,Inpatient,3,479379.0
R-4921,Branded,9.999999999999996,581064.0,581064.0,1,Outpatient,4,1307401.0
R-4921,Branded,9.999999999999996,581064.0,581064.0,1,Unknown,1,121055.0
R-0418,Branded,5.0,556500.0,556500.0,1,Outpatient,17,11604350.0
R-0418,Branded,5.0,556500.0,556500.0,1,Unknown,1,728750.0
AI-1398,Generic,5.250153515661364,538997.2,538997.2,16,Inpatient,22,494318.05
AI-1398,Generic,5.250153515661364,538997.2,538997.2,16,Outpatient,174,6438293.359999999
AI-1398,Generic,5.250153515661364,538997.2,538997.2,16,Unknown,4,170811.0
AI-0137,Generic,-20.62000442390584,531125.2,531125.2,4,Inpatient,1,230000.375
AI-0137,Generic,-20.62000442390584,531125.2,531125.2,4,Outpatient,66,10858678.7
AI-0957,Generic,-0.4,501984.0,501984.0,14,Inpatient,103,1009885.125
AI-0957,Generic,-0.4,501984.0,501984.0,14,Outpatient,544,45951071.385
AI-0957,Generic,-0.4,501984.0,501984.0,14,Unknown,2,72400.0
AI-0973,Generic,6.6622821440315665,486540.0,486540.0,5,Inpatient,71,671519.9999999999
AI-0973,Generic,6.6622821440315665,486540.0,486540.0,5,Outpatient,835,122449367.74000001
AI-0973,Generic,6.6622821440315665,486540.0,486540.0,5,Unknown,3,67376.0
R-1776,Branded,7.593289969188634,471420.0,471420.0,1,Inpatient,1,18005.625
R-1776,Branded,7.593289969188634,471420.0,471420.0,1,Outpatient,1,471420.0
R-1776,Branded,7.593289969188634,471420.0,471420.0,1,Unknown,1,140574.0
R-1847,Branded,-31.61970297460912,471024.0,471024.0,1,Inpatient,4,634212.9
R-1847,Branded,-31.61970297460912,471024.0,471024.0,1,Outpatient,3,2327409.6
AI-0426,Generic,-3.6022829195647392,455699.0,455699.0,2,Inpatient,9,1610601.0
AI-0426,Generic,-3.6022829195647392,455699.0,455699.0,2,Outpatient,37,6007032.0
AI-1134,Generic,6.39238570319301,452156.99999999994,452156.99999999994,2,Inpatient,66,17445733.0
AI-0057,Generic,9.119288168128092,450800.0,450800.0,4,Inpatient,62,8792437.5
AI-0057,Generic,9.119288168128092,450800.0,450800.0,4,Unknown,2,232848.0
R-4894,Branded,2.1428571428571406,404909.9999999999,404909.9999999999,28,Inpatient,3,28348.2
R-4894,Branded,2.1428571428571406,404909.9999999999,404909.9999999999,28,Outpatient,95,5161186.8
AI-1265,Generic,6.140285714285726,399087.59999999986,399087.59999999986,35,Inpatient,485,5934835.549999999
AI-1265,Generic,6.140285714285726,399087.59999999986,399087.59999999986,35,Outpatient,9,49609.75
AI-1265,Generic,6.140285714285726,399087.59999999986,399087.59999999986,35,Unknown,18,246580.0
AI-0242,Generic,9.999999999999998,385996.5999999999,385996.5999999999,16,Inpatient,58,1685077.4000000004
AI-0242,Generic,9.999999999999998,385996.5999999999,385996.5999999999,16,Outpatient,338,9789331.669999994
AI-0242,Generic,9.999999999999998,385996.5999999999,385996.5999999999,16,Unknown,22,620900.0
R-0003,Branded,-11.162720930232561,382000.3,382000.3,1,Outpatient,3,1549719.3
R-4858,Branded,9.999999999999993,379746.4,379746.4,8,Inpatient,18,941371.4
R-4858,Branded,9.999999999999993,379746.4,379746.4,8,Outpatient,5,312101.0
R-4858,Branded,9.999999999999993,379746.4,379746.4,8,Unknown,1,51260.0
AI-1403,Generic,9.999999999999998,359964.0,359964.0,2,Inpatient,138,2248007.76
AI-1403,Generic,9.999999999999998,359964.0,359964.0,2,Outpatient,795,43298369.879999995
AI-1403,Generic,9.999999999999998,359964.0,359964.0,2,Unknown,6,526400.0
AI-0417,Generic,5.430801082974996,346592.1,346592.1,21,Inpatient,201,531184.0999999996
AI-0417,Generic,5.430801082974996,346592.1,346592.1,21,Outpatient,737,5123085.289999999
AI-0417,Generic,5.430801082974996,346592.1,346592.1,21,Unknown,27,232689.0
AI-0344,Generic,9.999999999999995,334488.0,334488.0,3,Inpatient,11,807146.52
AI-0344,Generic,9.999999999999995,334488.0,334488.0,3,Outpatient,63,10419205.975
AI-0344,Generic,9.999999999999995,334488.0,334488.0,3,Unknown,10,916242.875
R-1322,Branded,-11.556118011928424,333654.54480000003,333654.54480000003,1,Outpatient,1,333654.54480000003
AI-0222,Generic,-2.905354758873964,316625.20000000007,316625.20000000007,31,Inpatient,4891,68041999.53499994
AI-0222,Generic,-2.905354758873964,316625.20000000007,316625.20000000007,31,Outpatient,25,373003.365
AI-0222,Generic,-2.905354758873964,316625.20000000007,316625.20000000007,31,Unknown,25,254377.0
AI-0717,Generic,8.0,312444.0,312444.0,44,Inpatient,276,1594349.75
AI-0717,Generic,8.0,312444.0,312444.0,44,Outpatient,603,4998551.125
AI-0717,Generic,8.0,312444.0,312444.0,44,Unknown,25,169022.0
AI-1553,Generic,-47.496150038499614,310935.0,310935.0,8,Inpatient,142,13186487.625
AI-1553,Generic,-47.496150038499614,310935.0,310935.0,8,Outpatient,2,75000.0
AI-1553,Generic,-47.496150038499614,310935.0,310935.0,8,Unknown,1,33000.0
AI-1460,Generic,8.004949814381956,298497.6000000002,298497.6000000002,38,Inpatient,26,227661.8
AI-1460,Generic,8.004949814381956,298497.6000000002,298497.6000000002,38,Outpatient,171,1504018.8149999995
AI-1460,Generic,8.004949814381956,298497.6000000002,298497.6000000002,38,Unknown,12,112800.0
AI-0254,Generic,-24.16789427078548,293888.8,293888.8,6,Inpatient,407,22957820.340000004
AI-0254,Generic,-24.16789427078548,293888.8,293888.8,6,Outpatient,3,109177.5
AI-0099,Generic,9.99984930908214,291988.0,291988.0,1,Inpatient,173,64486155.099999994
AI-0099,Generic,9.99984930908214,291988.0,291988.0,1,Outpatient,2,2189913.5
AI-0418,Generic,4.347826086956522,291840.0,291840.0,16,Inpatient,6,116736.0
AI-0418,Generic,4.347826086956522,291840.0,291840.0,16,Outpatient,187,3778154.0
AI-0418,Generic,4.347826086956522,291840.0,291840.0,16,Unknown,6,125400.0
R-5140,Branded,9.997155049786628,289980.0,289980.0,2,Inpatient,1,96660.0
R-5140,Branded,9.997155049786628,289980.0,289980.0,2,Outpatient,1,193320.0
R-0828,Branded,9.999999999999993,284876.9,284876.9,4,Inpatient,1006,96076219.17999998
R-0828,Branded,9.999999999999993,284876.9,284876.9,4,Outpatient,9,778325.875
R-0828,Branded,9.999999999999993,284876.9,284876.9,4,Unknown,2,100420.0
AI-0087,Generic,2.653631284916201,279300.0,279300.0,17,Inpatient,13,247925.0
AI-0087,Generic,2.653631284916201,279300.0,279300.0,17,Outpatient,66,1234328.0
AI-0087,Generic,2.653631284916201,279300.0,279300.0,17,Unknown,2,35442.0
AI-0608,Generic,-16.07720588235295,273924.0,273924.0,1,Inpatient,58,1746860.2999999998
AI-0608,Generic,-16.07720588235295,273924.0,273924.0,1,Outpatient,428,82911140.265
AI-0608,Generic,-16.07720588235295,273924.0,273924.0,1,Unknown,8,2829048.0
R-0377,Branded,-11.060971631739202,271050.0,271050.0,10,Inpatient,4,99252.0
R-0377,Branded,-11.060971631739202,271050.0,271050.0,10,Outpatient,278,7920173.02
R-0377,Branded,-11.060971631739202,271050.0,271050.0,10,Unknown,21,642950.0
R-0406,Branded,3.76552357506954,261187.19999999995,261187.19999999995,9,Inpatient,27,965140.125
R-0406,Branded,3.76552357506954,261187.19999999995,261187.19999999995,9,Outpatient,206,7188684.634999998
R-0406,Branded,3.76552357506954,261187.19999999995,261187.19999999995,9,Unknown,30,1010949.0
R-4938,Branded,4.249739500265815,256518.0,256518.0,9,Inpatient,90,2700152.0
R-4938,Branded,4.249739500265815,256518.0,256518.0,9,Outpatient,62,1959037.0
R-4938,Branded,4.249739500265815,256518.0,256518.0,9,Unknown,1,27225.0
R-2125,Branded,8.80690737833596,249516.00000000003,249516.00000000003,1,Inpatient,116,7326162.380000001
R-2125,Branded,8.80690737833596,249516.00000000003,249516.00000000003,1,Outpatient,331,43997255.56
R-2125,Branded,8.80690737833596,249516.00000000003,249516.00000000003,1,Unknown,7,500301.5
R-1116,Branded,9.999999999999998,239976.0,239976.0,6,Inpatient,733,38450671.039999954
R-1116,Branded,9.999999999999998,239976.0,239976.0,6,Outpatient,10,532872.64
R-1116,Branded,9.999999999999998,239976.0,239976.0,6,Unknown,26,800901.0
R-1229,Branded,-9.189189189189191,235200.0,235200.0,7,Inpatient,5,235065.0
R-1229,Branded,-9.189189189189191,235200.0,235200.0,7,Outpatient,35,1583365.0
R-1229,Branded,-9.189189189189191,235200.0,235200.0,7,Unknown,15,757020.0
R-0700,Branded,9.523374145333124,220413.6,220413.6,1,Inpatient,17,4342776.68
R-0700,Branded,9.523374145333124,220413.6,220413.6,1,Outpatient,1,252996.48
R-0700,Branded,9.523374145333124,220413.6,220413.6,1,Unknown,27,7505053.0
AI-0279,Generic,9.999999999999995,206375.4,206375.4,4,Inpatient,39,2141212.9749999996
AI-0279,Generic,9.999999999999995,206375.4,206375.4,4,Outpatient,127,13873428.995000001
AI-0279,Generic,9.999999999999995,206375.4,206375.4,4,Unknown,20,1224840.0
AI-1311,Generic,3.3945060600861776,204909.3,204909.3,1,Inpatient,114,25668673.940000013
AI-1311,Generic,3.3945060600861776,204909.3,204909.3,1,Outpatient,752,176560929.82000002
AI-1311,Generic,3.3945060600861776,204909.3,204909.3,1,Unknown,3,715400.0
AI-1599,Generic,9.740259740259726,204490.0,204490.0,109,Inpatient,32,33163.0
AI-1599,Generic,9.740259740259726,204490.0,204490.0,109,Outpatient,701,1447636.600000001
AI-1599,Generic,9.740259740259726,204490.0,204490.0,109,Unknown,5,7514.0
R-1504,Branded,-61.74542945843394,199620.0,199620.0,1,Outpatient,15,8861850.0
R-0371,Branded,-11.89952458407467,195822.0,195822.0,11,Inpatient,9,226862.95
R-0371,Branded,-11.89952458407467,195822.0,195822.0,11,Outpatient,262,6744921.835
R-0371,Branded,-11.89952458407467,195822.0,195822.0,11,Unknown,23,659456.0
AI-0664,Generic,-8.095579454951702,195115.2,195115.2,3,Inpatient,1,33550.0
AI-0664,Generic,-8.095579454951702,195115.2,195115.2,3,Outpatient,32,1347463.7
AI-0664,Generic,-8.095579454951702,195115.2,195115.2,3,Unknown,2,80625.0
AI-0671,Generic,-4.0,194400.0,194400.0,30,Inpatient,658,6654963.0
AI-0671,Generic,-4.0,194400.0,194400.0,30,Outpatient,1,3025.0
AI-0671,Generic,-4.0,194400.0,194400.0,30,Unknown,6,316531.0
R-4854,Branded,5.5122571251603505,185600.0,185600.0,9,Inpatient,6,75260.0
R-4854,Branded,5.5122571251603505,185600.0,185600.0,9,Unknown,12,458300.0
AI-1568,Generic,9.890961751426874,182903.0,182903.0,129,Inpatient,188,83045.0
AI-1568,Generic,9.890961751426874,182903.0,182903.0,129,Outpatient,599,1553375.77
AI-1568,Generic,9.890961751426874,182903.0,182903.0,129,Unknown,11,35495.0
R-1050,Branded,-46.22222222222223,169012.8,169012.8,5,Inpatient,5,12864.0
R-1050,Branded,-46.22222222222223,169012.8,169012.8,5,Outpatient,130,2813422.3000000003
R-1050,Branded,-46.22222222222223,169012.8,169012.8,5,Unknown,5,73295.0
AI-1188,Generic,9.999999999999996,158206.4,158206.4,1,Inpatient,21,3756894.4
AI-1188,Generic,9.999999999999996,158206.4,158206.4,1,Outpatient,8,1606564.0
AI-1188,Generic,9.999999999999996,158206.4,158206.4,1,Unknown,18,3359136.0
AI-1240,Generic,-17.77638190954774,157080.0,157080.0,1,Inpatient,9,250998.0
AI-1240,Generic,-17.77638190954774,157080.0,157080.0,1,Outpatient,89,21014965.375
AI-1060,Generic,-13.016889924286549,145540.8,145540.8,17,Inpatient,7,29269.9
AI-1060,Generic,-13.016889924286549,145540.8,145540.8,17,Outpatient,551,5099287.124999999
AI-1060,Generic,-13.016889924286549,145540.8,145540.8,17,Unknown,61,394214.0
R-1437,Branded,0.5309090909090909,138230.0,138230.0,1,Outpatient,3,501230.0
R-1437,Branded,0.5309090909090909,138230.0,138230.0,1,Unknown,11,2056995.0
AI-1306,Generic,-7.692307692307683,131544.0,131544.0,59,Inpatient,18,25796.0
AI-1306,Generic,-7.692307692307683,131544.0,131544.0,59,Outpatient,128,357152.13
AI-1306,Generic,-7.692307692307683,131544.0,131544.0,59,Unknown,18,49120.0
R-0109,Branded,-27.271999999999995,130910.39999999998,130910.39999999998,12,Inpatient,15,243103.92
R-0109,Branded,-27.271999999999995,130910.39999999998,130910.39999999998,12,Outpatient,75,1491795.4799999997
R-0109,Branded,-27.271999999999995,130910.39999999998,130910.39999999998,12,Unknown,5,85965.0
R-0495,Branded,5.526315789473684,129427.2,129427.2,26,Inpatient,23,144455.87999999998
R-0495,Branded,5.526315789473684,129427.2,129427.2,26,Outpatient,324,2379813.8199999984
R-0495,Branded,5.526315789473684,129427.2,129427.2,26,Unknown,48,344067.0
AI-0167,Generic,-24.447020319105416,127426.9,127426.9,1,Inpatient,1,127427.0
AI-0167,Generic,-24.447020319105416,127426.9,127426.9,1,Outpatient,22,3240029.3499999996
AI-0216,Generic,-10.617807389460934,126704.0,126704.0,13,Inpatient,1400,13398649.614999982
AI-0216,Generic,-10.617807389460934,126704.0,126704.0,13,Outpatient,1821,23808315.425
AI-0216,Generic,-10.617807389460934,126704.0,126704.0,13,Unknown,109,1355782.8
AI-1169,Generic,-17.090909090909083,126266.40000000001,126266.40000000001,36,Inpatient,38,48581.0
AI-1169,Generic,-17.090909090909083,126266.40000000001,126266.40000000001,36,Outpatient,844,1982654.0499999998
AI-1169,Generic,-17.090909090909083,126266.40000000001,126266.40000000001,36,Unknown,13,49396.0
AI-0274,Generic,9.999999999999998,119988.0,119988.0,1,Inpatient,568,8563716.549999997
AI-1397,Generic,9.999999999999998,119988.0,119988.0,1,Inpatient,129,2045475.5000000005
AI-0274,Generic,9.999999999999998,119988.0,119988.0,1,Outpatient,774,80973458.84
AI-1397,Generic,9.999999999999998,119988.0,119988.0,1,Outpatient,245,30625362.375
AI-1397,Generic,9.999999999999998,119988.0,119988.0,1,Unknown,5,866610.0
AI-0274,Generic,9.999999999999998,119988.0,119988.0,1,Unknown,10,424807.5
R-1700,Branded,-4.729792979297923,116107.19999999994,116107.19999999994,33,Inpatient,228,1047489.675
R-1700,Branded,-4.729792979297923,116107.19999999994,116107.19999999994,33,Outpatient,557,4235374.339999998
R-1700,Branded,-4.729792979297923,116107.19999999994,116107.19999999994,33,Unknown,45,292421.0
AI-0243,Generic,-13.821816156659695,114508.39999999998,114508.39999999998,14,Inpatient,14,147207.12
AI-0243,Generic,-13.821816156659695,114508.39999999998,114508.39999999998,14,Outpatient,187,2165288.584999999
AI-0243,Generic,-13.821816156659695,114508.39999999998,114508.39999999998,14,Unknown,11,136448.0
AI-0110,Generic,9.999999999999993,112747.79999999999,112747.79999999999,3,Inpatient,4591,162059297.54
AI-0110,Generic,9.999999999999993,112747.79999999999,112747.79999999999,3,Outpatient,3,109825.92
AI-0110,Generic,9.999999999999993,112747.79999999999,112747.79999999999,3,Unknown,3,101250.0
R-0139,Branded,-6.397574914838864,112608.0,112608.0,4,Inpatient,5,28287.75
R-0139,Branded,-6.397574914838864,112608.0,112608.0,4,Outpatient,13,339974.15
R-0139,Branded,-6.397574914838864,112608.0,112608.0,4,Unknown,1,42480.0
AI-0033,Generic,0.41384388807069755,109089.6,109089.6,3,Inpatient,18,554057.77
AI-0033,Generic,0.41384388807069755,109089.6,109089.6,3,Outpatient,70,2191218.464999999
AI-0033,Generic,0.41384388807069755,109089.6,109089.6,3,Unknown,6,189374.0
AI-1540,Generic,-82.62883613202085,108000.0,108000.0,6,Inpatient,15,137025.0
AI-1540,Generic,-82.62883613202085,108000.0,108000.0,6,Outpatient,57,6773269.75
AI-0933,Generic,-45.70577316196339,104112.0,104112.0,4,Inpatient,9,124137.0
AI-0933,Generic,-45.70577316196339,104112.0,104112.0,4,Outpatient,109,4556386.0
AI-0645,Generic,3.295208916477901,96880.79999999999,96880.79999999999,28,Inpatient,23,77475.05
AI-0645,Generic,3.295208916477901,96880.79999999999,96880.79999999999,28,Outpatient,237,1432158.2199999993
AI-0645,Generic,3.295208916477901,96880.79999999999,96880.79999999999,28,Unknown,29,152297.0
R-4927,Branded,9.999999999999998,93627.60000000002,93627.60000000002,24,Inpatient,132,256563.59999999995
R-4927,Branded,9.999999999999998,93627.60000000002,93627.60000000002,24,Outpatient,511,10147270.099999998
R-4927,Branded,9.999999999999998,93627.60000000002,93627.60000000002,24,Unknown,5,91005.0
R-4940,Branded,9.999999999999993,92538.6,92538.6,3,Inpatient,13,343719.6
R-4940,Branded,9.999999999999993,92538.6,92538.6,3,Outpatient,32,2168079.0
R-4940,Branded,9.999999999999993,92538.6,92538.6,3,Unknown,43,3569400.0
R-1658,Branded,9.999999999999995,92317.5,92317.5,2,Inpatient,48,1695172.125
R-1658,Branded,9.999999999999995,92317.5,92317.5,2,Outpatient,138,6763745.17
R-1658,Branded,9.999999999999995,92317.5,92317.5,2,Unknown,65,3470106.95
AI-1156,Generic,-23.036090225563896,89763.6,89763.6,36,Inpatient,722,678792.2700000003
AI-1156,Generic,-23.036090225563896,89763.6,89763.6,36,Outpatient,3635,5646071.439999995
AI-1156,Generic,-23.036090225563896,89763.6,89763.6,36,Unknown,176,334415.45
AI-0161,Generic,-42.03680015743383,88362.0,88362.0,3,Inpatient,2,62891.25
AI-0161,Generic,-42.03680015743383,88362.0,88362.0,3,Outpatient,57,1933351.7349999996
AI-0161,Generic,-42.03680015743383,88362.0,88362.0,3,Unknown,6,173022.0
R-0244,Branded,9.999999999999998,87991.2,87991.2,2,Inpatient,2,99990.0
R-0244,Branded,9.999999999999998,87991.2,87991.2,2,Outpatient,10,662279.8
R-0244,Branded,9.999999999999998,87991.2,87991.2,2,Unknown,2,126489.0
R-4911,Branded,9.999999999999996,86658.0,86658.0,1,Outpatient,3,224664.0
R-1781,Branded,-34.81837548515809,86492.8,86492.8,69,Inpatient,645,518449.67999999993
R-1781,Branded,-34.81837548515809,86492.8,86492.8,69,Outpatient,1264,1418027.1250000002
R-1781,Branded,-34.81837548515809,86492.8,86492.8,69,Unknown,78,99223.0
R-1086,Branded,3.6491101923422615,86490.0,86490.0,1,Outpatient,2,196637.4
R-3394,Branded,0.022002200220018666,81828.0,81828.0,1,Outpatient,1,81828.0
AI-1315,Generic,-6.754675467546755,81600.0,81600.0,70,Inpatient,20,26545.0
AI-1315,Generic,-6.754675467546755,81600.0,81600.0,70,Outpatient,135,227040.0
AI-1315,Generic,-6.754675467546755,81600.0,81600.0,70,Unknown,20,33601.0
R-5117,Branded,9.999476192970507,81270.0,81270.0,14,Inpatient,2,2500.0
R-5117,Branded,9.999476192970507,81270.0,81270.0,14,Outpatient,94,179395.0
R-5117,Branded,9.999476192970507,81270.0,81270.0,14,Unknown,2,4400.0
AI-1549,Generic,6.800000000000001,80901.0,80901.0,3,Inpatient,174,167556.0
AI-1549,Generic,6.800000000000001,80901.0,80901.0,3,Outpatient,585,4991317.875
AI-1549,Generic,6.800000000000001,80901.0,80901.0,3,Unknown,22,132401.0
R-3939,Branded,9.999999999999996,80687.2,80687.2,3,Inpatient,167,3930398.8800000013
R-3939,Branded,9.999999999999996,80687.2,80687.2,3,Outpatient,1,24206.16
R-3939,Branded,9.999999999999996,80687.2,80687.2,3,Unknown,1,9463.0
AI-1392,Generic,-16.541698546289215,78537.59999999999,78537.59999999999,5,Inpatient,35,670101.15
AI-1392,Generic,-16.541698546289215,78537.59999999999,78537.59999999999,5,Outpatient,43,1117787.29
AI-1392,Generic,-16.541698546289215,78537.59999999999,78537.59999999999,5,Unknown,4,115015.0
AI-0760,Generic,1.600000000000003,77419.20000000001,77419.20000000001,39,Inpatient,13,8114.99
AI-0760,Generic,1.600000000000003,77419.20000000001,77419.20000000001,39,Outpatient,89,154095.80000000002
AI-0760,Generic,1.600000000000003,77419.20000000001,77419.20000000001,39,Unknown,1,1820.0
AI-0147,Generic,1.9802597402597417,76563.0,76563.0,5,Inpatient,40,599082.2249999999
AI-0147,Generic,1.9802597402597417,76563.0,76563.0,5,Outpatient,100,2313293.305
AI-0147,Generic,1.9802597402597417,76563.0,76563.0,5,Unknown,7,146407.0
R-2057,Branded,-14.818809318377912,75600.0,75600.0,61,Inpatient,9,27873.48
R-2057,Branded,-14.818809318377912,75600.0,75600.0,61,Outpatient,99,145368.47999999998
R-2057,Branded,-14.818809318377912,75600.0,75600.0,61,Unknown,14,20740.5
R-0107,Branded,-1.497142857142859,72399.59999999999,72399.59999999999,21,Inpatient,204,996257.2
R-0107,Branded,-1.497142857142859,72399.59999999999,72399.59999999999,21,Outpatient,395,2064371.9500000016
R-0107,Branded,-1.497142857142859,72399.59999999999,72399.59999999999,21,Unknown,29,141475.0
R-4199,Branded,-22.461538461538456,70560.0,70560.0,8,Inpatient,16,14317.0
R-4199,Branded,-22.461538461538456,70560.0,70560.0,8,Outpatient,635,616599.25
R-4199,Branded,-22.461538461538456,70560.0,70560.0,8,Unknown,52,43621.0
AI-0388,Generic,8.001319986800128,68728.8,68728.8,7,Inpatient,54,643137.75
AI-0388,Generic,8.001319986800128,68728.8,68728.8,7,Outpatient,152,1542054.6849999994
AI-0388,Generic,8.001319986800128,68728.8,68728.8,7,Unknown,42,428390.0
AI-1178,Generic,-14.570226407533568,68003.59999999999,68003.59999999999,7,Inpatient,54,442950.07500000007
AI-1178,Generic,-14.570226407533568,68003.59999999999,68003.59999999999,7,Outpatient,751,9787917.0
AI-1178,Generic,-14.570226407533568,68003.59999999999,68003.59999999999,7,Unknown,83,877774.5
R-0899,Branded,9.158320903473262,66596.4,66596.4,2,Inpatient,36,1186729.8
R-0899,Branded,9.158320903473262,66596.4,66596.4,2,Outpatient,23,896145.585
R-0899,Branded,9.158320903473262,66596.4,66596.4,2,Unknown,12,806625.0
R-4718,Branded,-10.112359550561795,66000.0,66000.0,18,Inpatient,27,28752.125
R-4718,Branded,-10.112359550561795,66000.0,66000.0,18,Outpatient,74,368588.15
R-4718,Branded,-10.112359550561795,66000.0,66000.0,18,Unknown,2,35275.0
R-4605,Branded,-11.000792544614795,65131.4,65131.4,1,Outpatient,1,65131.4
R-0967,Branded,-51.147674799481536,61992.99999999985,61992.99999999985,223,Inpatient,30,16060.244999999999
R-0967,Branded,-51.147674799481536,61992.99999999985,61992.99999999985,223,Outpatient,705,401445.0499999983
R-0967,Branded,-51.147674799481536,61992.99999999985,61992.99999999985,223,Unknown,25,14712.0
AI-0219,Generic,9.999999999999996,61543.9,61543.9,5,Inpatient,195,3382959.154999998
AI-0219,Generic,9.999999999999996,61543.9,61543.9,5,Outpatient,169,3217968.0699999994
AI-0219,Generic,9.999999999999996,61543.9,61543.9,5,Unknown,25,430966.0
R-4831,Branded,9.972677595628411,60375.0,60375.0,38,Inpatient,139,208441.19999999995
R-4831,Branded,9.972677595628411,60375.0,60375.0,38,Outpatient,7,6464.8
R-4831,Branded,9.972677595628411,60375.0,60375.0,38,Unknown,16,20203.0
AI-1243,Generic,9.999999999999996,60291.0,60291.0,2,Inpatient,82,266278.675
AI-1243,Generic,9.999999999999996,60291.0,60291.0,2,Outpatient,434,8317759.875
AI-1243,Generic,9.999999999999996,60291.0,60291.0,2,Unknown,11,293060.0
AI-0202,Generic,9.999999999999998,57849.0,57849.0,1,Inpatient,40,353028.75
AI-0202,Generic,9.999999999999998,57849.0,57849.0,1,Outpatient,186,8537047.23
R-3393,Branded,5.443586362780184,55980.0,55980.0,1,Outpatient,9,1146436.2
R-3393,Branded,5.443586362780184,55980.0,55980.0,1,Unknown,4,237710.0
R-4850,Branded,9.99083409715857,54000.0,54000.0,9,Inpatient,1,6000.0
R-4850,Branded,9.99083409715857,54000.0,54000.0,9,Outpatient,13,84543.5
R-4850,Branded,9.99083409715857,54000.0,54000.0,9,Unknown,1,6000.0
AI-1220,Generic,-33.82857142857143,53268.00000000001,53268.00000000001,13,Inpatient,25,54180.7
AI-1220,Generic,-33.82857142857143,53268.00000000001,53268.00000000001,13,Outpatient,288,871838.5199999998
AI-1220,Generic,-33.82857142857143,53268.00000000001,53268.00000000001,13,Unknown,31,117916.0
AI-1555,Generic,-27.9835390946502,52500.0,52500.0,3,Outpatient,12,147000.0
AI-1555,Generic,-27.9835390946502,52500.0,52500.0,3,Unknown,2,56460.0
R-1057,Branded,9.999999999999996,51722.0,51722.0,1,Inpatient,4,455099.75
R-1057,Branded,9.999999999999996,51722.0,51722.0,1,Outpatient,2,323262.5
R-1057,Branded,9.999999999999996,51722.0,51722.0,1,Unknown,19,963080.0
R-1785,Branded,-33.20610687022901,50400.0,50400.0,4,Outpatient,5,72576.0
R-1785,Branded,-33.20610687022901,50400.0,50400.0,4,Unknown,2,46200.0
AI-0221,Generic,9.999999999999996,50111.6,50111.6,1,Inpatient,295,9249480.79
AI-0221,Generic,9.999999999999996,50111.6,50111.6,1,Outpatient,1,15659.875
AI-0221,Generic,9.999999999999996,50111.6,50111.6,1,Unknown,17,432039.0
AI-1056,Generic,0.8966100938557306,49020.89999999999,49020.89999999999,25,Inpatient,466,1249847.1199999994
AI-1056,Generic,0.8966100938557306,49020.89999999999,49020.89999999999,25,Outpatient,1113,3034383.039000008
AI-1056,Generic,0.8966100938557306,49020.89999999999,49020.89999999999,25,Unknown,56,145324.0
AI-0771,Generic,9.999999999999995,46656.5,46656.5,5,Inpatient,6234,16293943.545000002
AI-0771,Generic,9.999999999999995,46656.5,46656.5,5,Outpatient,12835,68772672.30999999
AI-0771,Generic,9.999999999999995,46656.5,46656.5,5,Unknown,414,2912205.75
R-5231,Branded,9.9987938728742,45600.0,45600.0,1,Outpatient,1,45600.0
AI-1569,Generic,9.997555609875336,45000.0,45000.0,3,Inpatient,53,1336950.0
AI-1569,Generic,9.997555609875336,45000.0,45000.0,3,Unknown,2,22500.0
AI-1018,Generic,3.9243158308236183,44019.200000000004,44019.200000000004,7,Inpatient,1334,16120242.000000002
AI-1018,Generic,3.9243158308236183,44019.200000000004,44019.200000000004,7,Outpatient,741,4007477.7299999967
AI-1018,Generic,3.9243158308236183,44019.200000000004,44019.200000000004,7,Unknown,111,656619.375
AI-0241,Generic,-8.739857183458858,43803.59999999999,43803.59999999999,36,Inpatient,642,553937.7199999995
AI-0241,Generic,-8.739857183458858,43803.59999999999,43803.59999999999,36,Outpatient,5489,9327215.447500005
AI-0241,Generic,-8.739857183458858,43803.59999999999,43803.59999999999,36,Unknown,269,812945.3
R-4388,Branded,4.865260334105597,43000.0,43000.0,4,Inpatient,575,6159898.440000016
R-4388,Branded,4.865260334105597,43000.0,43000.0,4,Outpatient,2,33829.125
R-4388,Branded,4.865260334105597,43000.0,43000.0,4,Unknown,5,67436.0
R-0851,Branded,9.999999999999993,41450.2,41450.2,1,Inpatient,45,3365915.125
R-0851,Branded,9.999999999999993,41450.2,41450.2,1,Unknown,37,2505793.0
R-0266,Branded,9.999999999999993,41340.2,41340.2,2,Inpatient,18,732788.2
R-0266,Branded,9.999999999999993,41340.2,41340.2,2,Outpatient,1,27915.0
R-0266,Branded,9.999999999999993,41340.2,41340.2,2,Unknown,1,25838.0
R-4855,Branded,4.945054945054945,40341.0,40341.0,2,Inpatient,1,341.0
R-4855,Branded,4.945054945054945,40341.0,40341.0,2,Unknown,3,112000.0
R-0065,Branded,4.671445628997872,40254.54456,40254.54456,1,Inpatient,6,29293.0
R-0065,Branded,4.671445628997872,40254.54456,40254.54456,1,Outpatient,97,1698986.1845600002
R-0065,Branded,4.671445628997872,40254.54456,40254.54456,1,Unknown,23,392158.0
AI-0144,Generic,5.338737695425594,40022.4,40022.4,22,Inpatient,2,4194.2
AI-0144,Generic,5.338737695425594,40022.4,40022.4,22,Outpatient,40,81644.79999999996
AI-0144,Generic,5.338737695425594,40022.4,40022.4,22,Unknown,5,17290.0
AI-0513,Generic,-27.559821305841925,39258.0,39258.0,8,Inpatient,520,2250509.689999999
AI-0513,Generic,-27.559821305841925,39258.0,39258.0,8,Outpatient,840,6867296.719999999
AI-0513,Generic,-27.559821305841925,39258.0,39258.0,8,Unknown,47,421887.875
AI-1475,Generic,2.3080129689671094,39152.899999999994,39152.899999999994,2,Inpatient,204,4949438.01
AI-1475,Generic,2.3080129689671094,39152.899999999994,39152.899999999994,2,Outpatient,219,5153053.180000002
AI-1475,Generic,2.3080129689671094,39152.899999999994,39152.899999999994,2,Unknown,46,1102774.0
AI-0174,Generic,-9.922077922077923,38148.0,38148.0,1,Inpatient,5,235537.04
AI-0174,Generic,-9.922077922077923,38148.0,38148.0,1,Outpatient,41,5344846.29
AI-0174,Generic,-9.922077922077923,38148.0,38148.0,1,Unknown,19,699421.0
AI-0837,Generic,-31.098901098901084,37870.799999999996,37870.799999999996,12,Inpatient,196,345071.23999999993
AI-0837,Generic,-31.098901098901084,37870.799999999996,37870.799999999996,12,Outpatient,1621,4798495.964999997
AI-0837,Generic,-31.098901098901084,37870.799999999996,37870.799999999996,12,Unknown,85,304512.55
R-2469,Branded,6.615384615384612,37699.200000000004,37699.200000000004,19,Inpatient,57,216978.00000000003
R-2469,Branded,6.615384615384612,37699.200000000004,37699.200000000004,19,Outpatient,129,420176.50000000006
R-2469,Branded,6.615384615384612,37699.200000000004,37699.200000000004,19,Unknown,67,352797.0
R-1431,Branded,9.999999999999993,36352.8,36352.8,3,Inpatient,326,2127211.8
R-1431,Branded,9.999999999999993,36352.8,36352.8,3,Outpatient,1278,14046021.235
R-1431,Branded,9.999999999999993,36352.8,36352.8,3,Unknown,37,539364.0
R-1472,Branded,9.999999999999991,35785.2,35785.2,1,Inpatient,9,214179.95
R-0307,Branded,4.001173364623059,35454.0,35454.0,5,Inpatient,4,33751.875
R-0307,Branded,4.001173364623059,35454.0,35454.0,5,Outpatient,83,685309.825
R-0307,Branded,4.001173364623059,35454.0,35454.0,5,Unknown,7,62412.0
AI-1471,Generic,9.999999999999991,34003.2,34003.2,4,Inpatient,26,304232.2
AI-1471,Generic,9.999999999999991,34003.2,34003.2,4,Outpatient,48,476846.1599999999
AI-1471,Generic,9.999999999999991,34003.2,34003.2,4,Unknown,1,10623.0
AI-0049,Generic,9.999999999999995,32996.700000000004,32996.700000000004,11,Inpatient,110,403041.385
AI-0049,Generic,9.999999999999995,32996.700000000004,32996.700000000004,11,Outpatient,195,787220.7450000001
AI-0049,Generic,9.999999999999995,32996.700000000004,32996.700000000004,11,Unknown,10,41317.0
R-0757,Branded,-7.4454959276018124,32727.27264,32727.27264,1,Outpatient,4,154287.27263999998
AI-0068,Generic,9.278650378126818,30256.9,30256.9,9,Inpatient,1307,1255982.555
AI-0068,Generic,9.278650378126818,30256.9,30256.9,9,Outpatient,4009,26881019.185000002
AI-0068,Generic,9.278650378126818,30256.9,30256.9,9,Unknown,113,504449.6
AI-0025,Generic,4.407079646017694,30189.3,30189.3,5,Inpatient,31,231908.1
AI-0025,Generic,4.407079646017694,30189.3,30189.3,5,Outpatient,195,1804312.8950000005
AI-0025,Generic,4.407079646017694,30189.3,30189.3,5,Unknown,29,325483.45
R-2797,Branded,9.999999999999998,30000.3,30000.3,1,Inpatient,1,30000.3
R-5037,Branded,9.99254287844892,29500.0,29500.0,5,Inpatient,22,130031.0
R-5037,Branded,9.99254287844892,29500.0,29500.0,5,Outpatient,50,520461.24
R-5037,Branded,9.99254287844892,29500.0,29500.0,5,Unknown,8,41668.0
AI-1197,Generic,6.39851714550511,29394.9,29394.9,83,Inpatient,346,106801.375
AI-1197,Generic,6.39851714550511,29394.9,29394.9,83,Outpatient,2133,1065521.5699999996
AI-1197,Generic,6.39851714550511,29394.9,29394.9,83,Unknown,126,58174.0
R-0085,Branded,-22.21782178217822,28281.6,28281.6,3,Inpatient,52,510671.95
R-0085,Branded,-22.21782178217822,28281.6,28281.6,3,Outpatient,4,35295.75
R-0085,Branded,-22.21782178217822,28281.6,28281.6,3,Unknown,3,24996.0
AI-0832,Generic,9.999999999999993,27799.2,27799.2,2,Inpatient,35,253769.39999999997
AI-0832,Generic,9.999999999999993,27799.2,27799.2,2,Outpatient,95,998188.9199999999
AI-0582,Generic,7.574536663980661,26700.0,26700.0,2,Inpatient,240,4392249.0
AI-0582,Generic,7.574536663980661,26700.0,26700.0,2,Outpatient,5,40950.0
AI-0582,Generic,7.574536663980661,26700.0,26700.0,2,Unknown,3,34125.0
R-2061,Branded,9.999999999999993,26560.6,26560.6,2,Inpatient,37,566119.325
R-2061,Branded,9.999999999999993,26560.6,26560.6,2,Outpatient,313,4571993.659999997
R-2061,Branded,9.999999999999993,26560.6,26560.6,2,Unknown,102,1544223.55
AI-1362,Generic,9.999999999999996,26203.1,26203.1,2,Inpatient,75,1812552.3650000002
AI-1362,Generic,9.999999999999996,26203.1,26203.1,2,Outpatient,2,52465.270000000004
AI-1362,Generic,9.999999999999996,26203.1,26203.1,2,Unknown,1,15930.0
R-0607,Branded,5.362460668972873,26083.800000000003,26083.800000000003,5,Inpatient,17,188194.9
R-0607,Branded,5.362460668972873,26083.800000000003,26083.800000000003,5,Outpatient,311,3433522.980000001
R-0607,Branded,5.362460668972873,26083.800000000003,26083.800000000003,5,Unknown,92,1395760.2
R-2329,Branded,9.174946004319649,24904.8,24904.8,5,Inpatient,16,105239.32999999999
R-2329,Branded,9.174946004319649,24904.8,24904.8,5,Outpatient,274,1814237.7949999995
R-2329,Branded,9.174946004319649,24904.8,24904.8,5,Unknown,49,354997.0
R-0863,Branded,-20.411530622148888,24600.0,24600.0,1,Inpatient,1,28187.5
R-3391,Branded,-1.6,24600.0,24600.0,1,Inpatient,12,380738.0
R-3391,Branded,-1.6,24600.0,24600.0,1,Outpatient,17,525458.0
R-0863,Branded,-20.411530622148888,24600.0,24600.0,1,Outpatient,39,1368763.0
R-0863,Branded,-20.411530622148888,24600.0,24600.0,1,Unknown,11,367743.0
R-3391,Branded,-1.6,24600.0,24600.0,1,Unknown,11,352056.0
R-4865,Branded,9.988776655443322,24500.0,24500.0,1,Inpatient,1,980.1
R-4865,Branded,9.988776655443322,24500.0,24500.0,1,Outpatient,2,2450.0
R-4865,Branded,9.988776655443322,24500.0,24500.0,1,Unknown,2,25388.125
R-3195,Branded,7.258181818181815,23596.8,23596.8,4,Inpatient,1,6875.0
R-3195,Branded,7.258181818181815,23596.8,23596.8,4,Outpatient,69,480179.525
R-3195,Branded,7.258181818181815,23596.8,23596.8,4,Unknown,11,81271.0
R-4878,Branded,9.999999999999998,23502.6,23502.6,1,Inpatient,3,63102.6
AI-0903,Generic,9.999999999999996,23499.3,23499.3,1,Inpatient,876,24591065.67000001
AI-0903,Generic,9.999999999999996,23499.3,23499.3,1,Outpatient,2475,73236404.15999997
AI-0903,Generic,9.999999999999996,23499.3,23499.3,1,Unknown,56,1564131.75
R-0023,Branded,-4.688665710186517,23251.199999999997,23251.199999999997,7,Inpatient,34,160122.30000000002
R-0023,Branded,-4.688665710186517,23251.199999999997,23251.199999999997,7,Outpatient,110,430922.8849999999
R-0023,Branded,-4.688665710186517,23251.199999999997,23251.199999999997,7,Unknown,44,274838.76
R-5288,Branded,9.933774834437086,23240.0,23240.0,31,Inpatient,9,7470.0
R-5288,Branded,9.933774834437086,23240.0,23240.0,31,Outpatient,19,12948.0
R-5288,Branded,9.933774834437086,23240.0,23240.0,31,Unknown,3,2822.0
AI-1017,Generic,0.5400175901495128,22601.999999999996,22601.999999999996,5,Inpatient,706,5664219.5299999975
AI-1017,Generic,0.5400175901495128,22601.999999999996,22601.999999999996,5,Outpatient,924,8580748.299999999
AI-1017,Generic,0.5400175901495128,22601.999999999996,22601.999999999996,5,Unknown,77,725670.0
AI-0564,Generic,-32.396694214876035,22086.0,22086.0,2,Inpatient,284,315904.81999999983
AI-0564,Generic,-32.396694214876035,22086.0,22086.0,2,Outpatient,986,7891312.675
AI-0564,Generic,-32.396694214876035,22086.0,22086.0,2,Unknown,14,83836.0
AI-0744,Generic,9.103999999999997,21820.8,21820.8,2,Inpatient,1151,21544662.58
AI-0744,Generic,9.103999999999997,21820.8,21820.8,2,Outpatient,334,2404458.0049999994
AI-0744,Generic,9.103999999999997,21820.8,21820.8,2,Unknown,75,690819.0
R-2079,Branded,9.999999999999993,21555.6,21555.6,2,Inpatient,147,1920768.16
R-2079,Branded,9.999999999999993,21555.6,21555.6,2,Outpatient,472,6059097.890000005
R-2079,Branded,9.999999999999993,21555.6,21555.6,2,Unknown,337,4376192.25
R-1782,Branded,-24.69725940089229,21438.0,21438.0,9,Inpatient,142,575635.6100000001
R-1782,Branded,-24.69725940089229,21438.0,21438.0,9,Outpatient,291,1088550.9300000002
R-1782,Branded,-24.69725940089229,21438.0,21438.0,9,Unknown,19,75261.0
AI-0398,Generic,9.999999999999993,21368.6,21368.6,1,Inpatient,98,2560649.425
AI-0398,Generic,9.999999999999993,21368.6,21368.6,1,Outpatient,40,1177235.5
AI-0398,Generic,9.999999999999993,21368.6,21368.6,1,Unknown,6,141902.0
AI-0860,Generic,-22.0,21216.0,21216.0,1,Inpatient,893,2166487.705
AI-0860,Generic,-22.0,21216.0,21216.0,1,Outpatient,7660,24000197.522500005
AI-0860,Generic,-22.0,21216.0,21216.0,1,Unknown,259,801457.6
AI-0212,Generic,-8.569931901519116,20944.800000000003,20944.800000000003,3,Inpatient,203,1703681.7700000003
AI-0212,Generic,-8.569931901519116,20944.800000000003,20944.800000000003,3,Outpatient,705,5305503.519000003
AI-0212,Generic,-8.569931901519116,20944.800000000003,20944.800000000003,3,Unknown,84,637447.78
R-0388,Branded,-21.483841602184796,20700.0,20700.0,1,Inpatient,3,82500.75
R-0388,Branded,-21.483841602184796,20700.0,20700.0,1,Outpatient,96,2834653.5
R-0388,Branded,-21.483841602184796,20700.0,20700.0,1,Unknown,9,250389.0
R-1324,Branded,-96.66070223812737,20491.199999999997,20491.199999999997,2,Inpatient,10,51328.5
R-1324,Branded,-96.66070223812737,20491.199999999997,20491.199999999997,2,Outpatient,496,2754879.0550000025
R-1324,Branded,-96.66070223812737,20491.199999999997,20491.199999999997,2,Unknown,7,39358.0
AI-1283,Generic,9.999999999999998,19008.0,19008.0,1,Inpatient,82,603787.45
AI-1283,Generic,9.999999999999998,19008.0,19008.0,1,Outpatient,135,5404229.69
AI-1283,Generic,9.999999999999998,19008.0,19008.0,1,Unknown,1,23625.0
AI-1131,Generic,-88.34467120181405,18504.0,18504.0,1,Inpatient,24,89201.70999999999
AI-1131,Generic,-88.34467120181405,18504.0,18504.0,1,Outpatient,217,6512464.575
AI-1131,Generic,-88.34467120181405,18504.0,18504.0,1,Unknown,7,93550.0
AI-1107,Generic,-26.668296260083107,18000.0,18000.0,6,Inpatient,251,1546366.0
R-3194,Branded,9.090909090909092,18000.0,18000.0,3,Inpatient,13,89937.0
AI-1107,Generic,-26.668296260083107,18000.0,18000.0,6,Outpatient,15,371478.605
R-3194,Branded,9.090909090909092,18000.0,18000.0,3,Outpatient,46,338349.51
R-3194,Branded,9.090909090909092,18000.0,18000.0,3,Unknown,13,88517.5
AI-1107,Generic,-26.668296260083107,18000.0,18000.0,6,Unknown,10,111369.0
AI-1379,Generic,9.999999999999998,17998.2,17998.2,1,Inpatient,117,1588235.9999999998
AI-1379,Generic,9.999999999999998,17998.2,17998.2,1,Outpatient,680,43566289.7
AI-1379,Generic,9.999999999999998,17998.2,17998.2,1,Unknown,13,626100.0
AI-0264,Generic,9.999999999999991,17592.3,17592.3,4,Inpatient,31,152045.05
AI-0264,Generic,9.999999999999991,17592.3,17592.3,4,Outpatient,682,4584979.055000001
AI-0264,Generic,9.999999999999991,17592.3,17592.3,4,Unknown,29,203038.0
AI-0220,Generic,9.999999999999993,17501.0,17501.0,2,Inpatient,1807,28636433.30000001
AI-0220,Generic,9.999999999999993,17501.0,17501.0,2,Outpatient,5,65254.35
AI-0220,Generic,9.999999999999993,17501.0,17501.0,2,Unknown,7,73325.0
AI-0102,Generic,0.9722222222222197,15703.2,15703.2,2,Inpatient,217,627655.1750000003
AI-0102,Generic,0.9722222222222197,15703.2,15703.2,2,Outpatient,422,2905991.205
AI-0102,Generic,0.9722222222222197,15703.2,15703.2,2,Unknown,9,55130.0
AI-1381,Generic,9.999999999999998,15413.199999999999,15413.199999999999,6,Inpatient,186,374098.78
AI-1381,Generic,9.999999999999998,15413.199999999999,15413.199999999999,6,Outpatient,694,2069999.29
AI-1381,Generic,9.999999999999998,15413.199999999999,15413.199999999999,6,Unknown,22,63279.0
R-1280,Branded,-99.33823788236123,15040.0,15040.0,2,Inpatient,19,234938.5
R-1280,Branded,-99.33823788236123,15040.0,15040.0,2,Outpatient,679,5374562.100000001
R-1280,Branded,-99.33823788236123,15040.0,15040.0,2,Unknown,14,43946.0
AI-0705,Generic,4.166666666666666,15000.0,15000.0,1,Inpatient,1,17500.0
AI-0705,Generic,4.166666666666666,15000.0,15000.0,1,Outpatient,36,592349.0
R-0073,Branded,9.999999999999993,14833.5,14833.5,5,Inpatient,772,2812772.559999994
R-0073,Branded,9.999999999999993,14833.5,14833.5,5,Outpatient,1984,7676797.280000019
R-0073,Branded,9.999999999999993,14833.5,14833.5,5,Unknown,157,615781.375
AI-0214,Generic,9.999999999999991,14805.999999999998,14805.999999999998,5,Inpatient,1389,6896374.79
AI-0214,Generic,9.999999999999991,14805.999999999998,14805.999999999998,5,Outpatient,3172,13877379.664999992
AI-0214,Generic,9.999999999999991,14805.999999999998,14805.999999999998,5,Unknown,273,1603755.0
R-0742,Branded,-0.2770083102493075,14400.0,14400.0,1,Inpatient,176,1767217.5
R-0742,Branded,-0.2770083102493075,14400.0,14400.0,1,Outpatient,1663,26391257.5
R-0742,Branded,-0.2770083102493075,14400.0,14400.0,1,Unknown,23,494434.0
AI-1284,Generic,9.999999999999996,14206.5,14206.5,2,Inpatient,653,767048.8500000002
AI-1284,Generic,9.999999999999996,14206.5,14206.5,2,Outpatient,1965,15553304.645000001
AI-1284,Generic,9.999999999999996,14206.5,14206.5,2,Unknown,15,137826.0
R-5220,Branded,9.993714644877436,14000.0,14000.0,2,Outpatient,1,7000.0
R-5220,Branded,9.993714644877436,14000.0,14000.0,2,Unknown,1,7000.0
R-2625,Branded,-42.75229357798165,13852.8,13852.8,4,Outpatient,9,44712.0
R-2564,Branded,-99.59660907570913,13752.0,13752.0,2,Inpatient,28,205262.35500000004
R-2564,Branded,-99.59660907570913,13752.0,13752.0,2,Outpatient,896,4559812.902499976
R-2564,Branded,-99.59660907570913,13752.0,13752.0,2,Unknown,34,126110.11000000002
R-0625,Branded,-10.105263157894736,13664.0,13664.0,4,Inpatient,19,97492.0
R-0625,Branded,-10.105263157894736,13664.0,13664.0,4,Outpatient,116,663196.8200000001
R-0625,Branded,-10.105263157894736,13664.0,13664.0,4,Unknown,36,299936.0
AI-1246,Generic,9.999999999999993,13213.2,13213.2,3,Inpatient,152,142854.49999999997
AI-1246,Generic,9.999999999999993,13213.2,13213.2,3,Outpatient,1991,7630343.115
AI-1246,Generic,9.999999999999993,13213.2,13213.2,3,Unknown,41,177812.0
AI-0943,Generic,9.999999999999996,13128.500000000002,13128.500000000002,10,Inpatient,3041,2895558.069999996
AI-0943,Generic,9.999999999999996,13128.500000000002,13128.500000000002,10,Outpatient,16079,43695853.34999986
AI-0943,Generic,9.999999999999996,13128.500000000002,13128.500000000002,10,Unknown,387,1218232.475
AI-0777,Generic,9.999999999999996,12951.4,12951.4,1,Inpatient,865,13590635.739999998
AI-0777,Generic,9.999999999999996,12951.4,12951.4,1,Outpatient,496,8173273.07
AI-0777,Generic,9.999999999999996,12951.4,12951.4,1,Unknown,38,629161.0
R-4333,Branded,-28.499999999999996,12870.0,12870.0,1,Inpatient,115,2141476.75
R-4333,Branded,-28.499999999999996,12870.0,12870.0,1,Outpatient,4,63980.0
R-4333,Branded,-28.499999999999996,12870.0,12870.0,1,Unknown,12,198213.0
R-0428,Branded,7.216326530612244,12408.0,12408.0,4,Inpatient,2,4416.0
R-0428,Branded,7.216326530612244,12408.0,12408.0,4,Outpatient,29,175488.275
R-0428,Branded,7.216326530612244,12408.0,12408.0,4,Unknown,1,5920.0
AI-0073,Generic,9.999999999999993,11998.8,11998.8,4,Inpatient,30,138830.255
AI-0073,Generic,9.999999999999993,11998.8,11998.8,4,Outpatient,366,1348697.8700000006
AI-0073,Generic,9.999999999999993,11998.8,11998.8,4,Unknown,35,129697.0
R-3434,Branded,9.999999999999996,11411.4,11411.4,2,Inpatient,509,4628426.694999999
R-3434,Branded,9.999999999999996,11411.4,11411.4,2,Outpatient,12,99680.73
R-3434,Branded,9.999999999999996,11411.4,11411.4,2,Unknown,52,531898.25
R-1091,Branded,9.090909090909092,11400.0,11400.0,2,Inpatient,52,1047796.975
R-1091,Branded,9.090909090909092,11400.0,11400.0,2,Outpatient,453,16455901.63
R-1091,Branded,9.090909090909092,11400.0,11400.0,2,Unknown,293,10736951.75
R-3435,Branded,9.999999999999996,11389.4,11389.4,2,Inpatient,192,1856924.0158928006
R-3435,Branded,9.999999999999996,11389.4,11389.4,2,Outpatient,5,38802.0
R-3435,Branded,9.999999999999996,11389.4,11389.4,2,Unknown,23,295396.0
R-1494,Branded,9.999999999999991,11231.0,11231.0,1,Inpatient,16,432546.4
R-1494,Branded,9.999999999999991,11231.0,11231.0,1,Outpatient,2,41948.75
R-1494,Branded,9.999999999999991,11231.0,11231.0,1,Unknown,4,102440.0
R-4873,Branded,9.99900009999,11001.0,11001.0,1,Inpatient,14,175973.1
R-4873,Branded,9.99900009999,11001.0,11001.0,1,Outpatient,305,4277767.2
R-4873,Branded,9.99900009999,11001.0,11001.0,1,Unknown,45,764183.5
R-0206,Branded,9.090909090909092,10800.0,10800.0,1,Inpatient,1,1359.0
R-0206,Branded,9.090909090909092,10800.0,10800.0,1,Outpatient,6,44206.2
AI-1105,Generic,-14.985331866519989,10636.099999999999,10636.099999999999,2,Inpatient,58,387465.57999999996
AI-1105,Generic,-14.985331866519989,10636.099999999999,10636.099999999999,2,Unknown,2,24000.0
AI-0996,Generic,9.999999999999996,10630.4,10630.4,4,Inpatient,11,34548.98
AI-0996,Generic,9.999999999999996,10630.4,10630.4,4,Outpatient,112,275826.49499999994
AI-0996,Generic,9.999999999999996,10630.4,10630.4,4,Unknown,23,78047.0
AI-1274,Generic,-6.285714285714279,10528.8,10528.8,10,Inpatient,709,681928.8699999999
AI-1274,Generic,-6.285714285714279,10528.8,10528.8,10,Outpatient,840,1122106.0950000007
AI-1274,Generic,-6.285714285714279,10528.8,10528.8,10,Unknown,24,42304.5
R-5218,Branded,9.993714644877436,10500.0,10500.0,3,Inpatient,1,3500.0
R-5218,Branded,9.993714644877436,10500.0,10500.0,3,Outpatient,2,7000.0
AI-1020,Generic,6.677531065390103,10473.6,10473.6,1,Inpatient,79,1735993.835
AI-1020,Generic,6.677531065390103,10473.6,10473.6,1,Outpatient,6,47614.0
AI-1020,Generic,6.677531065390103,10473.6,10473.6,1,Unknown,4,87300.0
R-0693,Branded,7.051282051282051,10020.0,10020.0,1,Inpatient,8,138205.2
R-0693,Branded,7.051282051282051,10020.0,10020.0,1,Outpatient,2,55800.0
R-0693,Branded,7.051282051282051,10020.0,10020.0,1,Unknown,1,25740.0
AI-1180,Generic,-10.2880658436214,9810.0,9810.0,5,Inpatient,125,336296.375
AI-1180,Generic,-10.2880658436214,9810.0,9810.0,5,Outpatient,494,7854930.97
AI-1180,Generic,-10.2880658436214,9810.0,9810.0,5,Unknown,5,97699.0
R-2309,Branded,3.263855421686747,9417.5,9417.5,2,Inpatient,49,152009.0
R-2309,Branded,3.263855421686747,9417.5,9417.5,2,Outpatient,252,969577.925
R-2309,Branded,3.263855421686747,9417.5,9417.5,2,Unknown,33,197919.0
R-4814,Branded,9.999999999999993,9009.0,9009.0,1,Inpatient,2,23309.0
R-4814,Branded,9.999999999999993,9009.0,9009.0,1,Outpatient,6,45182.0
AI-0406,Generic,9.999999999999995,8998.0,8998.0,1,Inpatient,380,3711993.2249999996
AI-0406,Generic,9.999999999999995,8998.0,8998.0,1,Outpatient,2636,144090970.18999997
AI-0406,Generic,9.999999999999995,8998.0,8998.0,1,Unknown,13,728287.0
R-1375,Branded,-48.0077233631736,8886.0,8886.0,1,Inpatient,1,10625.0
R-1375,Branded,-48.0077233631736,8886.0,8886.0,1,Outpatient,36,475379.775
R-1375,Branded,-48.0077233631736,8886.0,8886.0,1,Unknown,1,9350.0
AI-1157,Generic,9.999999999999993,8883.599999999999,8883.599999999999,1,Inpatient,2116,9858143.65000001
AI-1157,Generic,9.999999999999993,8883.599999999999,8883.599999999999,1,Outpatient,1012,2331072.9149999972
AI-1157,Generic,9.999999999999993,8883.599999999999,8883.599999999999,1,Unknown,192,417214.0
R-0835,Branded,9.999999999999993,8778.0,8778.0,1,Inpatient,27,214191.55500000002
R-0835,Branded,9.999999999999993,8778.0,8778.0,1,Outpatient,534,4053859.735000002
R-0835,Branded,9.999999999999993,8778.0,8778.0,1,Unknown,185,1756927.75
AI-1212,Generic,9.999999999999993,8503.0,8503.0,1,Outpatient,18,176997.675
R-2362,Branded,9.999999999999993,8479.9,8479.9,2,Inpatient,10,57579.39
R-2362,Branded,9.999999999999993,8479.9,8479.9,2,Outpatient,507,2928531.1960000005
R-2362,Branded,9.999999999999993,8479.9,8479.9,2,Unknown,157,1139038.0
AI-0376,Generic,4.427480916030543,8208.0,8208.0,1,Inpatient,3,2239.14
AI-0376,Generic,4.427480916030543,8208.0,8208.0,1,Outpatient,95,550908.0
AI-0533,Generic,-79.546,8181.6,8181.6,1,Inpatient,267,2741087.84
AI-0533,Generic,-79.546,8181.6,8181.6,1,Outpatient,1095,11511865.549999993
AI-0533,Generic,-79.546,8181.6,8181.6,1,Unknown,33,474775.56
AI-1041,Generic,-12.94371360793616,8073.6,8073.6,1,Inpatient,75,1017813.54
AI-1041,Generic,-12.94371360793616,8073.6,8073.6,1,Unknown,1,9252.0
AI-1423,Generic,-53.29166666666666,8071.2,8071.2,1,Inpatient,27,203314.17500000002
AI-0806,Generic,5.091743119266052,8062.6,8062.6,4,Inpatient,71,112239.485
AI-0806,Generic,5.091743119266052,8062.6,8062.6,4,Outpatient,1865,4129836.4699999997
AI-0806,Generic,5.091743119266052,8062.6,8062.6,4,Unknown,29,81520.0
R-4863,Branded,9.999999999999998,8059.7,8059.7,1,Inpatient,1,8059.7
R-4860,Branded,9.992810927390366,7650.0,7650.0,1,Inpatient,9,69549.5
R-3941,Branded,9.999999999999998,7570.2,7570.2,1,Inpatient,90,2175948.67
R-3941,Branded,9.999999999999998,7570.2,7570.2,1,Outpatient,3,51255.93
R-3941,Branded,9.999999999999998,7570.2,7570.2,1,Unknown,2,18926.0
R-2054,Branded,-15.065739164037131,7272.001439999999,7272.001439999999,15,Inpatient,55,20199.0
R-2054,Branded,-15.065739164037131,7272.001439999999,7272.001439999999,15,Outpatient,404,321688.48212000006
R-2054,Branded,-15.065739164037131,7272.001439999999,7272.001439999999,15,Unknown,29,17397.0
R-0529,Branded,9.999999999999998,7119.2,7119.2,2,Outpatient,18,77858.94
R-0529,Branded,9.999999999999998,7119.2,7119.2,2,Unknown,9,46720.0
R-4200,Branded,-20.581818181818186,7098.0,7098.0,4,Inpatient,15,14150.0
R-4200,Branded,-20.581818181818186,7098.0,7098.0,4,Outpatient,494,504574.75
R-4200,Branded,-20.581818181818186,7098.0,7098.0,4,Unknown,11,20521.0
R-1637,Branded,5.842696629213492,6782.400000000001,6782.400000000001,1,Inpatient,69,235270.66499999998
R-1637,Branded,5.842696629213492,6782.400000000001,6782.400000000001,1,Outpatient,112,415864.91
R-1637,Branded,5.842696629213492,6782.400000000001,6782.400000000001,1,Unknown,21,120342.0
R-0436,Branded,-52.0,6631.200000000004,6631.200000000004,52,Inpatient,127,14472.18
R-0436,Branded,-52.0,6631.200000000004,6631.200000000004,52,Outpatient,1325,158600.65000000037
R-0436,Branded,-52.0,6631.200000000004,6631.200000000004,52,Unknown,93,7759.0
AI-0114,Generic,9.999999999999996,6303.0,6303.0,1,Inpatient,766,558529.3000000002
AI-0114,Generic,9.999999999999996,6303.0,6303.0,1,Outpatient,2280,11524978.89
AI-0114,Generic,9.999999999999996,6303.0,6303.0,1,Unknown,36,134554.0
AI-1349,Generic,-0.8092485549132981,6177.599999999999,6177.599999999999,2,Inpatient,55,201580.85
AI-1349,Generic,-0.8092485549132981,6177.599999999999,6177.599999999999,2,Outpatient,90,1944079.2
AI-1349,Generic,-0.8092485549132981,6177.599999999999,6177.599999999999,2,Unknown,1,8694.0
AI-0389,Generic,-4.599999999999994,6105.6,6105.6,1,Inpatient,709,1227212.4499999988
AI-0389,Generic,-4.599999999999994,6105.6,6105.6,1,Outpatient,1051,1764069.7399999986
AI-0389,Generic,-4.599999999999994,6105.6,6105.6,1,Unknown,72,153417.0
AI-0399,Generic,2.6936829558998836,6031.200000000001,6031.200000000001,2,Inpatient,118,342189.27
AI-0399,Generic,2.6936829558998836,6031.200000000001,6031.200000000001,2,Outpatient,215,1378790.76
AI-0399,Generic,2.6936829558998836,6031.200000000001,6031.200000000001,2,Unknown,24,217581.0
AI-1247,Generic,-38.37471783295711,6006.0,6006.0,1,Inpatient,428,679701.625
AI-1247,Generic,-38.37471783295711,6006.0,6006.0,1,Outpatient,1504,11193182.025
AI-1247,Generic,-38.37471783295711,6006.0,6006.0,1,Unknown,39,424686.0
AI-0791,Generic,-17.662007623888183,5832.0,5832.0,2,Inpatient,512,1566279.92
AI-0791,Generic,-17.662007623888183,5832.0,5832.0,2,Outpatient,739,4274852.545
AI-0791,Generic,-17.662007623888183,5832.0,5832.0,2,Unknown,23,141229.0
R-3433,Branded,9.999999999999996,5694.7,5694.7,1,Inpatient,257,2106182.645
R-3433,Branded,9.999999999999996,5694.7,5694.7,1,Outpatient,8,61375.375
R-3433,Branded,9.999999999999996,5694.7,5694.7,1,Unknown,22,194612.0
AI-0106,Generic,9.999999999999993,5577.0,5577.0,5,Inpatient,2098,2671938.990000001
AI-0106,Generic,9.999999999999993,5577.0,5577.0,5,Outpatient,5007,7312817.445000004
AI-0106,Generic,9.999999999999993,5577.0,5577.0,5,Unknown,278,479187.75
R-0687,Branded,1.9801980198019802,5562.0,5562.0,1,Inpatient,5,93062.0
R-0687,Branded,1.9801980198019802,5562.0,5562.0,1,Outpatient,6,142284.45
R-1063,Branded,-0.6380638063806414,5419.2,5419.2,2,Inpatient,3,18450.0
R-1063,Branded,-0.6380638063806414,5419.2,5419.2,2,Outpatient,59,300904.575
R-1063,Branded,-0.6380638063806414,5419.2,5419.2,2,Unknown,2,11250.0
R-0242,Branded,9.999999999999993,5399.9,5399.9,1,Inpatient,3,45899.275
R-0242,Branded,9.999999999999993,5399.9,5399.9,1,Outpatient,9,215188.66
R-0242,Branded,9.999999999999993,5399.9,5399.9,1,Unknown,4,133650.0
R-1733,Branded,9.999999999999993,5205.2,5205.2,3,Inpatient,120,248569.315
R-1733,Branded,9.999999999999993,5205.2,5205.2,3,Outpatient,322,794353.9250000003
R-1733,Branded,9.999999999999993,5205.2,5205.2,3,Unknown,49,131791.5
AI-0339,Generic,-4.636209813874792,5072.4,5072.4,1,Inpatient,1371,8624476.385000002
AI-0339,Generic,-4.636209813874792,5072.4,5072.4,1,Outpatient,310,963421.755
AI-0339,Generic,-4.636209813874792,5072.4,5072.4,1,Unknown,41,151643.125
AI-0950,Generic,5.091743119266053,4777.5,4777.5,2,Inpatient,124,129304.59
AI-0950,Generic,5.091743119266053,4777.5,4777.5,2,Outpatient,75,182744.76
AI-0950,Generic,5.091743119266053,4777.5,4777.5,2,Unknown,2,3125.0
AI-1264,Generic,9.999999999999995,4744.299999999999,4744.299999999999,4,Inpatient,49,50125.275
AI-1264,Generic,9.999999999999995,4744.299999999999,4744.299999999999,4,Outpatient,423,492458.0900000002
AI-1264,Generic,9.999999999999995,4744.299999999999,4744.299999999999,4,Unknown,2,5870.0
AI-1199,Generic,7.301587301587303,4578.2,4578.2,14,Inpatient,47,20469.825
AI-1199,Generic,7.301587301587303,4578.2,4578.2,14,Outpatient,250,148812.655
AI-1199,Generic,7.301587301587303,4578.2,4578.2,14,Unknown,45,28719.5
R-2053,Branded,-13.704238805970153,4394.18016,4394.18016,5,Inpatient,61,47062.5
R-2053,Branded,-13.704238805970153,4394.18016,4394.18016,5,Outpatient,287,329982.77067
R-2053,Branded,-13.704238805970153,4394.18016,4394.18016,5,Unknown,31,20776.5
R-4673,Branded,-23.91304347826087,4200.0,4200.0,1,Inpatient,80,788460.5
R-4673,Branded,-23.91304347826087,4200.0,4200.0,1,Outpatient,23,1080513.5
R-4673,Branded,-23.91304347826087,4200.0,4200.0,1,Unknown,259,2988638.5
AI-0043,Generic,-3.8976377952755925,3994.2,3994.2,3,Inpatient,559,507092.3350000001
AI-0043,Generic,-3.8976377952755925,3994.2,3994.2,3,Outpatient,3390,7645373.929999999
AI-0043,Generic,-3.8976377952755925,3994.2,3994.2,3,Unknown,46,100448.2
R-2396,Branded,-28.579003181336166,3900.0,3900.0,7,Inpatient,129,115127.0
R-2396,Branded,-28.579003181336166,3900.0,3900.0,7,Outpatient,359,574545.0
R-2396,Branded,-28.579003181336166,3900.0,3900.0,7,Unknown,17,34270.0
AI-0263,Generic,9.999999999999996,3707.0,3707.0,1,Inpatient,15,33625.75
AI-0263,Generic,9.999999999999996,3707.0,3707.0,1,Outpatient,884,3646504.6400000006
AI-0263,Generic,9.999999999999996,3707.0,3707.0,1,Unknown,22,81429.0
R-2310,Branded,9.999999999999998,3686.1,3686.1,1,Inpatient,9,143393.6
R-0137,Branded,0.0,3648.0,3648.0,2,Inpatient,1003,2000173.8
R-0137,Branded,0.0,3648.0,3648.0,2,Outpatient,2087,5091367.149999999
R-0137,Branded,0.0,3648.0,3648.0,2,Unknown,245,572330.0
R-0056,Branded,-28.892215568862273,3562.5,3562.5,1,Inpatient,67,83638.5
R-0056,Branded,-28.892215568862273,3562.5,3562.5,1,Outpatient,568,1657793.375
R-0056,Branded,-28.892215568862273,3562.5,3562.5,1,Unknown,4,10660.0
AI-1194,Generic,9.999999999999993,3500.2,3500.2,1,Inpatient,9,38470.38
AI-1194,Generic,9.999999999999993,3500.2,3500.2,1,Outpatient,82,354108.87000000046
AI-0658,Generic,9.999999999999996,3400.1,3400.1,1,Inpatient,6,24446.125
AI-0658,Generic,9.999999999999996,3400.1,3400.1,1,Outpatient,41,163902.89999999997
AI-0658,Generic,9.999999999999996,3400.1,3400.1,1,Unknown,6,24972.11
AI-1168,Generic,6.617647058823527,3393.0,3393.0,2,Inpatient,507,753847.9949999996
AI-1168,Generic,6.617647058823527,3393.0,3393.0,2,Outpatient,4035,8365385.42
AI-1168,Generic,6.617647058823527,3393.0,3393.0,2,Unknown,79,192959.0
R-2618,Branded,9.999999999999996,3361.6,3361.6,1,Inpatient,3,17553.0
R-2618,Branded,9.999999999999996,3361.6,3361.6,1,Outpatient,15,73796.28
R-2618,Branded,9.999999999999996,3361.6,3361.6,1,Unknown,5,21651.0
AI-0995,Generic,9.999999999999993,3203.2,3203.2,1,Inpatient,4,9526.0
AI-0995,Generic,9.999999999999993,3203.2,3203.2,1,Outpatient,11,33297.76
AI-0995,Generic,9.999999999999993,3203.2,3203.2,1,Unknown,1,3000.0
R-2450,Branded,-14.624695652173905,3141.8111999999996,3141.8111999999996,15,Inpatient,11,1258.0
R-2450,Branded,-14.624695652173905,3141.8111999999996,3141.8111999999996,15,Outpatient,309,55600.6862
R-2450,Branded,-14.624695652173905,3141.8111999999996,3141.8111999999996,15,Unknown,9,944.0
AI-0836,Generic,9.999999999999993,3059.1,3059.1,2,Inpatient,389,600127.62
AI-0836,Generic,9.999999999999993,3059.1,3059.1,2,Outpatient,5004,20529353.924999997
AI-0836,Generic,9.999999999999993,3059.1,3059.1,2,Unknown,92,498481.0
R-0775,Branded,-18.84057971014493,3024.0,3024.0,1,Inpatient,29,80847.0
R-0775,Branded,-18.84057971014493,3024.0,3024.0,1,Outpatient,72,1514958.0
R-0775,Branded,-18.84057971014493,3024.0,3024.0,1,Unknown,2,20190.0
AI-0881,Generic,9.999999999999993,2999.7,2999.7,1,Inpatient,33,131342.94
R-0925,Branded,9.999999999999993,2999.7,2999.7,1,Inpatient,41,213593.845
R-0925,Branded,9.999999999999993,2999.7,2999.7,1,Outpatient,1,3162.0
AI-0881,Generic,9.999999999999993,2999.7,2999.7,1,Outpatient,504,2178871.3699999964
R-0925,Branded,9.999999999999993,2999.7,2999.7,1,Unknown,2,10312.0
AI-0881,Generic,9.999999999999993,2999.7,2999.7,1,Unknown,43,244499.66999999998
R-4201,Branded,4.571428571428571,2928.0,2928.0,2,Inpatient,3,2840.0
R-4201,Branded,4.571428571428571,2928.0,2928.0,2,Outpatient,115,123485.0
R-4201,Branded,4.571428571428571,2928.0,2928.0,2,Unknown,4,4465.0
R-1629,Branded,9.999999999999998,2867.7,2867.7,1,Inpatient,24,132244.125
R-1629,Branded,9.999999999999998,2867.7,2867.7,1,Outpatient,110,972104.75
R-1629,Branded,9.999999999999998,2867.7,2867.7,1,Unknown,49,451627.0
AI-0565,Generic,9.999999999999995,2699.3999999999996,2699.3999999999996,2,Inpatient,352,617673.15
AI-0565,Generic,9.999999999999995,2699.3999999999996,2699.3999999999996,2,Outpatient,1808,22658061.174999997
AI-0565,Generic,9.999999999999995,2699.3999999999996,2699.3999999999996,2,Unknown,23,222781.0
R-1206,Branded,-31.428571428571434,2688.0,2688.0,6,Inpatient,14,10108.6
R-1206,Branded,-31.428571428571434,2688.0,2688.0,6,Outpatient,52,60238.40000000001
R-1206,Branded,-31.428571428571434,2688.0,2688.0,6,Unknown,7,9669.0
AI-1401,Generic,9.999999999999995,2552.0,2552.0,1,Inpatient,539,575140.35
AI-1401,Generic,9.999999999999995,2552.0,2552.0,1,Outpatient,798,1114568.6800000002
AI-1401,Generic,9.999999999999995,2552.0,2552.0,1,Unknown,14,30829.5
R-0111,Branded,-10.0,2520.0,2520.0,1,Inpatient,2,3297.5625
R-0111,Branded,-10.0,2520.0,2520.0,1,Outpatient,3,159588.0
AI-0397,Generic,-0.07968127490039388,2508.0,2508.0,1,Inpatient,4,14182.0
AI-0397,Generic,-0.07968127490039388,2508.0,2508.0,1,Outpatient,63,217646.97499999998
AI-0397,Generic,-0.07968127490039388,2508.0,2508.0,1,Unknown,2,13680.0
AI-0066,Generic,9.999999999999998,2492.6,2492.6,3,Inpatient,293,190461.30499999996
AI-0066,Generic,9.999999999999998,2492.6,2492.6,3,Outpatient,1833,2006937.235
AI-0066,Generic,9.999999999999998,2492.6,2492.6,3,Unknown,20,22147.0
R-4759,Branded,-20.86795774647888,2467.9,2467.9,10,Inpatient,64,14570.435000000001
R-4759,Branded,-20.86795774647888,2467.9,2467.9,10,Outpatient,645,203290.18999999994
R-4759,Branded,-20.86795774647888,2467.9,2467.9,10,Unknown,33,8511.0
R-4889,Branded,-4.0,2400.0,2400.0,1,Inpatient,79,187150.0
R-4889,Branded,-4.0,2400.0,2400.0,1,Outpatient,10,23300.0
R-4889,Branded,-4.0,2400.0,2400.0,1,Unknown,5,11000.0
R-4552,Branded,9.999999999999996,2327.6,2327.6,1,Inpatient,312,718239.22
R-4552,Branded,9.999999999999996,2327.6,2327.6,1,Outpatient,54,73208.68
R-4552,Branded,9.999999999999996,2327.6,2327.6,1,Unknown,34,46911.0
AI-0596,Generic,9.999999999999991,1878.7999999999997,1878.7999999999997,2,Inpatient,7,8991.4
AI-0596,Generic,9.999999999999991,1878.7999999999997,1878.7999999999997,2,Outpatient,286,359937.21
R-4931,Branded,9.89399293286219,1866.0,1866.0,1,Outpatient,12,48791.0
R-4931,Branded,9.89399293286219,1866.0,1866.0,1,Unknown,1,3890.0
R-1133,Branded,9.999999999999996,1861.1999999999998,1861.1999999999998,1,Outpatient,1,1861.1999999999998
R-1815,Branded,-31.447368421052637,1609.7999999999997,1609.7999999999997,8,Inpatient,28,7959.09
R-1815,Branded,-31.447368421052637,1609.7999999999997,1609.7999999999997,8,Outpatient,42,78031.79999999999
R-1815,Branded,-31.447368421052637,1609.7999999999997,1609.7999999999997,8,Unknown,15,85068.0
R-0074,Branded,0.0,1500.0,1500.0,1,Inpatient,105,118200.375
R-0074,Branded,0.0,1500.0,1500.0,1,Outpatient,1062,1613395.2649999994
R-0074,Branded,0.0,1500.0,1500.0,1,Unknown,63,95736.0
AI-1359,Generic,9.999999999999995,1366.1999999999998,1366.1999999999998,1,Inpatient,712,1304117.0699999998
AI-1359,Generic,9.999999999999995,1366.1999999999998,1366.1999999999998,1,Outpatient,2679,7455133.450000001
AI-1359,Generic,9.999999999999995,1366.1999999999998,1366.1999999999998,1,Unknown,110,399897.0
R-1816,Branded,9.999999999999998,1339.99998,1339.99998,1,Inpatient,1,1339.99998
R-1816,Branded,9.999999999999998,1339.99998,1339.99998,1,Unknown,1,837.0
AI-1089,Generic,9.999999999999995,1276.0,1276.0,1,Inpatient,4,2924.8
AI-1089,Generic,9.999999999999995,1276.0,1276.0,1,Outpatient,40,208993.06
AI-1089,Generic,9.999999999999995,1276.0,1276.0,1,Unknown,16,29686.0
R-4961,Branded,9.677419354838708,1258.0,1258.0,11,Inpatient,2,564.0
R-4961,Branded,9.677419354838708,1258.0,1258.0,11,Outpatient,9,965.0
R-4961,Branded,9.677419354838708,1258.0,1258.0,11,Unknown,2,374.0
R-2580,Branded,9.999999999999995,1248.5,1248.5,1,Inpatient,3,2896.52
R-2580,Branded,9.999999999999995,1248.5,1248.5,1,Outpatient,7,16417.775
R-2580,Branded,9.999999999999995,1248.5,1248.5,1,Unknown,3,13750.0
R-0528,Branded,9.999999999999996,1194.6,1194.6,1,Inpatient,8,16325.37
R-0528,Branded,9.999999999999996,1194.6,1194.6,1,Outpatient,48,87220.28999999998
R-0528,Branded,9.999999999999996,1194.6,1194.6,1,Unknown,6,13225.0
R-0147,Branded,-20.454583333333332,1145.454,1145.454,1,Inpatient,2,987.7498125
R-0147,Branded,-20.454583333333332,1145.454,1145.454,1,Outpatient,32,306617.45322
R-1073,Branded,-10.469387755102044,1036.35,1036.35,2,Inpatient,25,46531.325
R-1073,Branded,-10.469387755102044,1036.35,1036.35,2,Outpatient,118,213886.76
R-1073,Branded,-10.469387755102044,1036.35,1036.35,2,Unknown,10,19896.0
R-1490,Branded,5.726872246696035,720.0,720.0,1,Inpatient,190,356758.875
R-1490,Branded,5.726872246696035,720.0,720.0,1,Outpatient,302,610876.85
R-1490,Branded,5.726872246696035,720.0,720.0,1,Unknown,45,128524.0
R-0636,Branded,9.999999999999995,700.0004,700.0004,1,Inpatient,12,2103.52776
R-0636,Branded,9.999999999999995,700.0004,700.0004,1,Outpatient,20,4614.59109
R-4494,Branded,9.999999999999991,569.8,569.8,1,Inpatient,297,359178.95
R-2761,Branded,9.999999999999991,569.8,569.8,1,Inpatient,205,182498.445
R-2761,Branded,9.999999999999991,569.8,569.8,1,Outpatient,10,7808.610000000001
R-4494,Branded,9.999999999999991,569.8,569.8,1,Outpatient,112,89424.13999999998
R-2761,Branded,9.999999999999991,569.8,569.8,1,Unknown,25,27035.0
R-4494,Branded,9.999999999999991,569.8,569.8,1,Unknown,139,117212.0
R-1872,Branded,6.15384615384615,496.79999999999995,496.79999999999995,2,Inpatient,23,52300.75
R-1872,Branded,6.15384615384615,496.79999999999995,496.79999999999995,2,Outpatient,72,230497.065
R-1872,Branded,6.15384615384615,496.79999999999995,496.79999999999995,2,Unknown,2,10030.0
AI-0338,Generic,9.999999999999996,435.59999999999997,435.59999999999997,4,Inpatient,23,2755.82
AI-0338,Generic,9.999999999999996,435.59999999999997,435.59999999999997,4,Outpatient,134,22211.81000000001
AI-0338,Generic,9.999999999999996,435.59999999999997,435.59999999999997,4,Unknown,2,255.0
AI-0643,Generic,9.999999999999995,277.2,277.2,1,Inpatient,4,4865.4
AI-0643,Generic,9.999999999999995,277.2,277.2,1,Outpatient,6,4579.92
AI-0643,Generic,9.999999999999995,277.2,277.2,1,Unknown,1,346.0
R-1023,Branded,-43.57362068965517,130.9092,130.9092,1,Inpatient,19,3688.9092
R-1023,Branded,-43.57362068965517,130.9092,130.9092,1,Outpatient,77,153679.37099999998
R-1023,Branded,-43.57362068965517,130.9092,130.9092,1,Unknown,3,5790.0
R-4913,Branded,-100.0,0.0,0.0,2,Inpatient,32,402890.67500000005
AI-1544,Generic,-100.0,0.0,0.0,3,Inpatient,271,285378.475
R-4907,Branded,-100.0,0.0,0.0,1,Inpatient,10,35457.66
AI-0701,Generic,-100.0,0.0,0.0,1,Inpatient,88,29871.94999999999
AI-1537,Generic,-100.0,0.0,0.0,7,Inpatient,38,256606.625
AI-1538,Generic,-100.0,0.0,0.0,3,Inpatient,63,2624438.0
AI-1539,Generic,-100.0,0.0,0.0,1,Inpatient,13,143828.25
AI-1544,Generic,-100.0,0.0,0.0,3,Outpatient,265,495859.205
AI-1537,Generic,-100.0,0.0,0.0,7,Outpatient,314,3574097.1
R-4913,Branded,-100.0,0.0,0.0,2,Outpatient,379,4714135.74
AI-1539,Generic,-100.0,0.0,0.0,1,Outpatient,44,2830767.375
AI-1538,Generic,-100.0,0.0,0.0,3,Outpatient,47,7453332.1
R-4907,Branded,-100.0,0.0,0.0,1,Outpatient,1,3636.0
AI-0701,Generic,-100.0,0.0,0.0,1,Outpatient,253,458530.9
R-4912,Branded,-100.0,0.0,0.0,1,Outpatient,3,883937.125
AI-1541,Generic,-100.0,0.0,0.0,14,Outpatient,171,2377309.5
R-4913,Branded,-100.0,0.0,0.0,2,Unknown,40,498301.0
AI-0701,Generic,-100.0,0.0,0.0,1,Unknown,3,8344.0
AI-1537,Generic,-100.0,0.0,0.0,7,Unknown,19,195024.0
AI-1538,Generic,-100.0,0.0,0.0,3,Unknown,8,1398240.0
AI-1539,Generic,-100.0,0.0,0.0,1,Unknown,3,325320.0
AI-1544,Generic,-100.0,0.0,0.0,3,Unknown,3,6280.0
